file,path,source,split,annotation_file,annotation_path
continuous_hardneg_03_20260924_225526.csv,data\raw\continuous\train\continuous_hardneg_03_20260924_225526.csv,continuous,train,continuous_hardneg_03_20260924_225526_annotations.csv,data\annotations\continuous\train\continuous_hardneg_03_20260924_225526_annotations.csv
continuous_train_01_20260921_114043.csv,data\raw\continuous\train\continuous_train_01_20260921_114043.csv,continuous,train,continuous_train_01_20260921_114043_annotations.csv,data\annotations\continuous\train\continuous_train_01_20260921_114043_annotations.csv
continuous_train_02_20260918_114318.csv,data\raw\continuous\train\continuous_train_02_20260918_114318.csv,continuous,train,continuous_train_02_20260918_114318_annotations.csv,data\annotations\continuous\train\continuous_train_02_20260918_114318_annotations.csv
continuous_train_03_20260918_114417.csv,data\raw\continuous\train\continuous_train_03_20260918_114417.csv,continuous,train,continuous_train_03_20260918_114417_annotations.csv,data\annotations\continuous\train\continuous_train_03_20260918_114417_annotations.csv
continuous_train_04_20260918_114512.csv,data\raw\continuous\train\continuous_train_04_20260918_114512.csv,continuous,train,continuous_train_04_20260918_114512_annotations.csv,data\annotations\continuous\train\continuous_train_04_20260918_114512_annotations.csv
continuous_train_05_20260918_114605.csv,data\raw\continuous\train\continuous_train_05_20260918_114605.csv,continuous,train,continuous_train_05_20260918_114605_annotations.csv,data\annotations\continuous\train\continuous_train_05_20260918_114605_annotations.csv
continuous_train_06_20260921_114147.csv,data\raw\continuous\train\continuous_train_06_20260921_114147.csv,continuous,train,continuous_train_06_20260921_114147_annotations.csv,data\annotations\continuous\train\continuous_train_06_20260921_114147_annotations.csv
continuous_train_07_20260918_115316.csv,data\raw\continuous\train\continuous_train_07_20260918_115316.csv,continuous,train,continuous_train_07_20260918_115316_annotations.csv,data\annotations\continuous\train\continuous_train_07_20260918_115316_annotations.csv
continuous_train_08_20260918_115411.csv,data\raw\continuous\train\continuous_train_08_20260918_115411.csv,continuous,train,continuous_train_08_20260918_115411_annotations.csv,data\annotations\continuous\train\continuous_train_08_20260918_115411_annotations.csv
continuous_train_09_20260918_115826.csv,data\raw\continuous\train\continuous_train_09_20260918_115826.csv,continuous,train,continuous_train_09_20260918_115826_annotations.csv,data\annotations\continuous\train\continuous_train_09_20260918_115826_annotations.csv
continuous_train_10_20260921_114334.csv,data\raw\continuous\train\continuous_train_10_20260921_114334.csv,continuous,train,continuous_train_10_20260921_114334_annotations.csv,data\annotations\continuous\train\continuous_train_10_20260921_114334_annotations.csv
continuous_train_11_20260921_114430.csv,data\raw\continuous\train\continuous_train_11_20260921_114430.csv,continuous,train,continuous_train_11_20260921_114430_annotations.csv,data\annotations\continuous\train\continuous_train_11_20260921_114430_annotations.csv
continuous_train_12_20260921_114520.csv,data\raw\continuous\train\continuous_train_12_20260921_114520.csv,continuous,train,continuous_train_12_20260921_114520_annotations.csv,data\annotations\continuous\train\continuous_train_12_20260921_114520_annotations.csv
continuous_train_13_20260921_114636.csv,data\raw\continuous\train\continuous_train_13_20260921_114636.csv,continuous,train,continuous_train_13_20260921_114636_annotations.csv,data\annotations\continuous\train\continuous_train_13_20260921_114636_annotations.csv
continuous_train_14_20260921_121743.csv,data\raw\continuous\train\continuous_train_14_20260921_121743.csv,continuous,train,continuous_train_14_20260921_121743_annotations.csv,data\annotations\continuous\train\continuous_train_14_20260921_121743_annotations.csv
continuous_train_15_20260921_114943.csv,data\raw\continuous\train\continuous_train_15_20260921_114943.csv,continuous,train,continuous_train_15_20260921_114943_annotations.csv,data\annotations\continuous\train\continuous_train_15_20260921_114943_annotations.csv
continuous_train_16_20260921_115040.csv,data\raw\continuous\train\continuous_train_16_20260921_115040.csv,continuous,train,continuous_train_16_20260921_115040_annotations.csv,data\annotations\continuous\train\continuous_train_16_20260921_115040_annotations.csv
continuous_train_17_20260921_115138.csv,data\raw\continuous\train\continuous_train_17_20260921_115138.csv,continuous,train,continuous_train_17_20260921_115138_annotations.csv,data\annotations\continuous\train\continuous_train_17_20260921_115138_annotations.csv
continuous_train_18_20260921_121424.csv,data\raw\continuous\train\continuous_train_18_20260921_121424.csv,continuous,train,continuous_train_18_20260921_121424_annotations.csv,data\annotations\continuous\train\continuous_train_18_20260921_121424_annotations.csv
continuous_train_19_20260921_121517.csv,data\raw\continuous\train\continuous_train_19_20260921_121517.csv,continuous,train,continuous_train_19_20260921_121517_annotations.csv,data\annotations\continuous\train\continuous_train_19_20260921_121517_annotations.csv
continuous_train_20_20260921_121605.csv,data\raw\continuous\train\continuous_train_20_20260921_121605.csv,continuous,train,continuous_train_20_20260921_121605_annotations.csv,data\annotations\continuous\train\continuous_train_20_20260921_121605_annotations.csv
continuous_train_21_20260921_121655.csv,data\raw\continuous\train\continuous_train_21_20260921_121655.csv,continuous,train,continuous_train_21_20260921_121655_annotations.csv,data\annotations\continuous\train\continuous_train_21_20260921_121655_annotations.csv
continuous_train_22_20260921_121845.csv,data\raw\continuous\train\continuous_train_22_20260921_121845.csv,continuous,train,continuous_train_22_20260921_121845_annotations.csv,data\annotations\continuous\train\continuous_train_22_20260921_121845_annotations.csv
continuous_train_23_20260921_122006.csv,data\raw\continuous\train\continuous_train_23_20260921_122006.csv,continuous,train,continuous_train_23_20260921_122006_annotations.csv,data\annotations\continuous\train\continuous_train_23_20260921_122006_annotations.csv
continuous_train_24_20260921_122105.csv,data\raw\continuous\train\continuous_train_24_20260921_122105.csv,continuous,train,continuous_train_24_20260921_122105_annotations.csv,data\annotations\continuous\train\continuous_train_24_20260921_122105_annotations.csv
continuous_train_25_20260921_122204.csv,data\raw\continuous\train\continuous_train_25_20260921_122204.csv,continuous,train,continuous_train_25_20260921_122204_annotations.csv,data\annotations\continuous\train\continuous_train_25_20260921_122204_annotations.csv
continuous_train_26_20260921_122255.csv,data\raw\continuous\train\continuous_train_26_20260921_122255.csv,continuous,train,continuous_train_26_20260921_122255_annotations.csv,data\annotations\continuous\train\continuous_train_26_20260921_122255_annotations.csv
continuous_train_27_20260921_122349.csv,data\raw\continuous\train\continuous_train_27_20260921_122349.csv,continuous,train,continuous_train_27_20260921_122349_annotations.csv,data\annotations\continuous\train\continuous_train_27_20260921_122349_annotations.csv
continuous_train_28_20260921_122454.csv,data\raw\continuous\train\continuous_train_28_20260921_122454.csv,continuous,train,continuous_train_28_20260921_122454_annotations.csv,data\annotations\continuous\train\continuous_train_28_20260921_122454_annotations.csv
continuous_train_right_01_20260924_224917.csv,data\raw\continuous\train\continuous_train_right_01_20260924_224917.csv,continuous,train,continuous_train_right_01_20260924_224917_annotations.csv,data\annotations\continuous\train\continuous_train_right_01_20260924_224917_annotations.csv
continuous_train_right_02_20260924_225034.csv,data\raw\continuous\train\continuous_train_right_02_20260924_225034.csv,continuous,train,continuous_train_right_02_20260924_225034_annotations.csv,data\annotations\continuous\train\continuous_train_right_02_20260924_225034_annotations.csv
continuous_train_right_03_20260924_225202.csv,data\raw\continuous\train\continuous_train_right_03_20260924_225202.csv,continuous,train,continuous_train_right_03_20260924_225202_annotations.csv,data\annotations\continuous\train\continuous_train_right_03_20260924_225202_annotations.csv
continuous_v2_hardneg_01_20260923_155519.csv,data\raw\continuous\train\continuous_v2_hardneg_01_20260923_155519.csv,continuous,train,continuous_v2_hardneg_01_20260923_155519_annotations.csv,data\annotations\continuous\train\continuous_v2_hardneg_01_20260923_155519_annotations.csv
continuous_v2_hardneg_02_20260924_123355.csv,data\raw\continuous\train\continuous_v2_hardneg_02_20260924_123355.csv,continuous,train,continuous_v2_hardneg_02_20260924_123355_annotations.csv,data\annotations\continuous\train\continuous_v2_hardneg_02_20260924_123355_annotations.csv
continuous_v2_train_01_20260923_152233.csv,data\raw\continuous\train\continuous_v2_train_01_20260923_152233.csv,continuous,train,continuous_v2_train_01_20260923_152233_annotations.csv,data\annotations\continuous\train\continuous_v2_train_01_20260923_152233_annotations.csv
continuous_v2_train_02_20260923_152437.csv,data\raw\continuous\train\continuous_v2_train_02_20260923_152437.csv,continuous,train,continuous_v2_train_02_20260923_152437_annotations.csv,data\annotations\continuous\train\continuous_v2_train_02_20260923_152437_annotations.csv
continuous_v2_train_03_20260923_152526.csv,data\raw\continuous\train\continuous_v2_train_03_20260923_152526.csv,continuous,train,continuous_v2_train_03_20260923_152526_annotations.csv,data\annotations\continuous\train\continuous_v2_train_03_20260923_152526_annotations.csv
continuous_v2_train_04_20260923_152620.csv,data\raw\continuous\train\continuous_v2_train_04_20260923_152620.csv,continuous,train,continuous_v2_train_04_20260923_152620_annotations.csv,data\annotations\continuous\train\continuous_v2_train_04_20260923_152620_annotations.csv
continuous_v2_train_05_20260923_152852.csv,data\raw\continuous\train\continuous_v2_train_05_20260923_152852.csv,continuous,train,continuous_v2_train_05_20260923_152852_annotations.csv,data\annotations\continuous\train\continuous_v2_train_05_20260923_152852_annotations.csv
continuous_v2_train_06_20260923_153049.csv,data\raw\continuous\train\continuous_v2_train_06_20260923_153049.csv,continuous,train,continuous_v2_train_06_20260923_153049_annotations.csv,data\annotations\continuous\train\continuous_v2_train_06_20260923_153049_annotations.csv
continuous_v2_train_07_20260923_153526.csv,data\raw\continuous\train\continuous_v2_train_07_20260923_153526.csv,continuous,train,continuous_v2_train_07_20260923_153526_annotations.csv,data\annotations\continuous\train\continuous_v2_train_07_20260923_153526_annotations.csv
continuous_v2_train_08_20260923_153613.csv,data\raw\continuous\train\continuous_v2_train_08_20260923_153613.csv,continuous,train,continuous_v2_train_08_20260923_153613_annotations.csv,data\annotations\continuous\train\continuous_v2_train_08_20260923_153613_annotations.csv
continuous_v2_train_09_20260923_153954.csv,data\raw\continuous\train\continuous_v2_train_09_20260923_153954.csv,continuous,train,continuous_v2_train_09_20260923_153954_annotations.csv,data\annotations\continuous\train\continuous_v2_train_09_20260923_153954_annotations.csv
continuous_v2_train_10_20260923_154039.csv,data\raw\continuous\train\continuous_v2_train_10_20260923_154039.csv,continuous,train,continuous_v2_train_10_20260923_154039_annotations.csv,data\annotations\continuous\train\continuous_v2_train_10_20260923_154039_annotations.csv
continuous_v2_train_11_20260923_154140.csv,data\raw\continuous\train\continuous_v2_train_11_20260923_154140.csv,continuous,train,continuous_v2_train_11_20260923_154140_annotations.csv,data\annotations\continuous\train\continuous_v2_train_11_20260923_154140_annotations.csv
continuous_v2_train_12_20260923_155333.csv,data\raw\continuous\train\continuous_v2_train_12_20260923_155333.csv,continuous,train,continuous_v2_train_12_20260923_155333_annotations.csv,data\annotations\continuous\train\continuous_v2_train_12_20260923_155333_annotations.csv
continuous_v2_train_13_20260924_123108.csv,data\raw\continuous\train\continuous_v2_train_13_20260924_123108.csv,continuous,train,continuous_v2_train_13_20260924_123108_annotations.csv,data\annotations\continuous\train\continuous_v2_train_13_20260924_123108_annotations.csv
continuous_v2_val_01_20260923_152722.csv,data\raw\continuous\val\continuous_v2_val_01_20260923_152722.csv,continuous,val,continuous_v2_val_01_20260923_152722_annotations.csv,data\annotations\continuous\val\continuous_v2_val_01_20260923_152722_annotations.csv
continuous_v2_val_02_20260924_123215.csv,data\raw\continuous\val\continuous_v2_val_02_20260924_123215.csv,continuous,val,continuous_v2_val_02_20260924_123215_annotations.csv,data\annotations\continuous\val\continuous_v2_val_02_20260924_123215_annotations.csv
continuous_v2_val_03_20260923_153757.csv,data\raw\continuous\val\continuous_v2_val_03_20260923_153757.csv,continuous,val,continuous_v2_val_03_20260923_153757_annotations.csv,data\annotations\continuous\val\continuous_v2_val_03_20260923_153757_annotations.csv
continuous_v2_val_04_20260923_155429.csv,data\raw\continuous\val\continuous_v2_val_04_20260923_155429.csv,continuous,val,continuous_v2_val_04_20260923_155429_annotations.csv,data\annotations\continuous\val\continuous_v2_val_04_20260923_155429_annotations.csv
continuous_v2_val_05_20260924_123303.csv,data\raw\continuous\val\continuous_v2_val_05_20260924_123303.csv,continuous,val,continuous_v2_val_05_20260924_123303_annotations.csv,data\annotations\continuous\val\continuous_v2_val_05_20260924_123303_annotations.csv
continuous_val_01_20260921_122543.csv,data\raw\continuous\val\continuous_val_01_20260921_122543.csv,continuous,val,continuous_val_01_20260921_122543_annotations.csv,data\annotations\continuous\val\continuous_val_01_20260921_122543_annotations.csv
continuous_val_02_20260921_122636.csv,data\raw\continuous\val\continuous_val_02_20260921_122636.csv,continuous,val,continuous_val_02_20260921_122636_annotations.csv,data\annotations\continuous\val\continuous_val_02_20260921_122636_annotations.csv
continuous_val_03_20260921_122832.csv,data\raw\continuous\val\continuous_val_03_20260921_122832.csv,continuous,val,continuous_val_03_20260921_122832_annotations.csv,data\annotations\continuous\val\continuous_val_03_20260921_122832_annotations.csv
continuous_val_right_01_20260924_225253.csv,data\raw\continuous\val\continuous_val_right_01_20260924_225253.csv,continuous,val,continuous_val_right_01_20260924_225253_annotations.csv,data\annotations\continuous\val\continuous_val_right_01_20260924_225253_annotations.csv
continuous_test_01_20260918_115535.csv,data\raw\continuous\test\continuous_test_01_20260918_115535.csv,continuous,test,continuous_test_01_20260918_115535_annotations.csv,data\annotations\continuous\test\continuous_test_01_20260918_115535_annotations.csv
continuous_test_02_20260918_115630.csv,data\raw\continuous\test\continuous_test_02_20260918_115630.csv,continuous,test,continuous_test_02_20260918_115630_annotations.csv,data\annotations\continuous\test\continuous_test_02_20260918_115630_annotations.csv
continuous_test_03_20260921_122734.csv,data\raw\continuous\test\continuous_test_03_20260921_122734.csv,continuous,test,continuous_test_03_20260921_122734_annotations.csv,data\annotations\continuous\test\continuous_test_03_20260921_122734_annotations.csv
continuous_test_right_01_20260924_225427.csv,data\raw\continuous\test\continuous_test_right_01_20260924_225427.csv,continuous,test,continuous_test_right_01_20260924_225427_annotations.csv,data\annotations\continuous\test\continuous_test_right_01_20260924_225427_annotations.csv
continuous_v2_test_01_20260923_152946.csv,data\raw\continuous\test\continuous_v2_test_01_20260923_152946.csv,continuous,test,continuous_v2_test_01_20260923_152946_annotations.csv,data\annotations\continuous\test\continuous_v2_test_01_20260923_152946_annotations.csv
continuous_v2_test_02_20260923_153152.csv,data\raw\continuous\test\continuous_v2_test_02_20260923_153152.csv,continuous,test,continuous_v2_test_02_20260923_153152_annotations.csv,data\annotations\continuous\test\continuous_v2_test_02_20260923_153152_annotations.csv
continuous_v2_test_03_20260923_153701.csv,data\raw\continuous\test\continuous_v2_test_03_20260923_153701.csv,continuous,test,continuous_v2_test_03_20260923_153701_annotations.csv,data\annotations\continuous\test\continuous_v2_test_03_20260923_153701_annotations.csv
continuous_v2_test_04_20260923_153853.csv,data\raw\continuous\test\continuous_v2_test_04_20260923_153853.csv,continuous,test,continuous_v2_test_04_20260923_153853_annotations.csv,data\annotations\continuous\test\continuous_v2_test_04_20260923_153853_annotations.csv
