timestamp_ms,sample,ax,ay,az,gx,gy,gz
1877,77,1.14443,0.09337,-8.70532,-0.07727,-0.03038,-0.01785
1897,78,1.13485,0.08619,-8.68616,-0.07701,-0.02691,-0.01732
1917,79,1.12288,0.09098,-8.71489,-0.07754,-0.00293,-0.01599
1937,80,1.13246,0.09577,-8.74123,-0.07727,0.01519,-0.01652
1957,81,1.15401,0.09098,-8.71489,-0.07727,0.01013,-0.01652
1977,82,1.14443,0.11253,-8.72447,-0.07781,-0.01332,-0.01732
1997,83,1.14922,0.08619,-8.70532,-0.07781,-0.03251,-0.01785
2017,84,1.15640,0.09577,-8.70053,-0.07914,-0.02318,-0.01679
2037,85,1.14203,0.10295,-8.74362,-0.07807,0.00080,-0.01705
2057,86,1.13964,0.09577,-8.70532,-0.07674,0.00853,-0.01732
2077,87,1.13725,0.09098,-8.73884,-0.07727,-0.00533,-0.01679
2097,88,1.15401,0.07901,-8.71250,-0.07754,-0.02078,-0.01679
2117,89,1.14443,0.08859,-8.72447,-0.07781,-0.02078,-0.01705
2137,90,1.12527,0.07422,-8.73165,-0.07781,-0.00799,-0.01705
2157,91,1.12288,0.07901,-8.70053,-0.07887,0.00346,-0.01705
2177,92,1.13485,0.08859,-8.71489,-0.07701,-0.00080,-0.01705
2197,93,1.16358,0.08380,-8.73884,-0.07754,-0.01492,-0.01679
2217,94,1.13246,0.07422,-8.73884,-0.07807,-0.01972,-0.01652
2237,95,1.12767,0.08859,-8.74602,-0.07727,-0.00906,-0.01679
2257,96,1.14682,0.09098,-8.70292,-0.07727,0.00160,-0.01652
2277,97,1.15161,0.07901,-8.71250,-0.07807,0.00266,-0.01519
2297,98,1.16358,0.09337,-8.73165,-0.07647,-0.00799,-0.01625
2317,99,1.15161,0.08859,-8.72208,-0.07887,-0.02158,-0.01705
2337,100,1.14203,0.08140,-8.70771,-0.07701,-0.02185,-0.01679
2357,101,1.11809,0.09577,-8.70532,-0.07727,-0.00799,-0.01759
2377,102,1.13725,0.07661,-8.72926,-0.07754,0.00346,-0.01679
2397,103,1.13006,0.10056,-8.70532,-0.07834,0.00027,-0.01812
2417,104,1.13485,0.09098,-8.71729,-0.07834,-0.01146,-0.01732
2437,105,1.12049,0.11253,-8.74362,-0.07754,-0.02025,-0.01785
2457,106,1.13485,0.09577,-8.70771,-0.07807,-0.01599,-0.01759
2477,107,1.12527,0.09816,-8.73405,-0.07727,-0.00426,-0.01652
2497,108,1.13246,0.10534,-8.69574,-0.07807,0.00213,-0.01599
2517,109,1.13725,0.09098,-8.70771,-0.07754,-0.00266,-0.01705
2537,110,1.13006,0.10056,-8.72926,-0.07754,-0.01252,-0.01732
2557,111,1.14203,0.08380,-8.74123,-0.07727,-0.01466,-0.01732
2577,112,1.14682,0.09816,-8.73165,-0.07781,-0.00906,-0.01705
2597,113,1.13964,0.08380,-8.70532,-0.07807,-0.00240,-0.01759
2617,114,1.12288,0.09337,-8.70292,-0.07727,-0.00506,-0.01679
2637,115,1.13964,0.09098,-8.72208,-0.07727,-0.01412,-0.01759
2657,116,1.13006,0.08619,-8.72447,-0.07781,-0.01759,-0.01759
2677,117,1.13246,0.06943,-8.72447,-0.07781,-0.00906,-0.01785
2697,118,1.14203,0.07901,-8.72926,-0.07781,-0.00160,-0.01812
2717,119,1.13725,0.08859,-8.71489,-0.07754,-0.00373,-0.01705
2737,120,1.13964,0.08619,-8.71729,-0.07754,-0.01172,-0.01785
2757,121,1.13006,0.09337,-8.71968,-0.07781,-0.01572,-0.01652
2777,122,1.13964,0.08619,-8.73644,-0.07727,-0.01013,-0.01705
2797,123,1.12767,0.08859,-8.74602,-0.07781,-0.00373,-0.01625
2817,124,1.14682,0.08859,-8.72926,-0.07781,-0.00666,-0.01759
2837,125,1.14682,0.10774,-8.74123,-0.07834,-0.01066,-0.01732
2857,126,1.12049,0.08619,-8.72447,-0.07807,-0.00826,-0.01785
2877,127,1.15640,0.07901,-8.71489,-0.07807,-0.00293,-0.01732
2897,128,1.14203,0.08859,-8.73165,-0.07727,-0.00586,-0.01705
2917,129,1.11809,0.09577,-8.73405,-0.07701,-0.01466,-0.01705
2937,130,1.14682,0.08380,-8.72926,-0.07781,-0.01679,-0.01705
2957,131,1.14443,0.09337,-8.71729,-0.07754,-0.00933,-0.01705
2977,132,1.14682,0.10534,-8.71968,-0.07754,0.00160,-0.01652
2997,133,1.13964,0.10774,-8.71729,-0.07781,0.00160,-0.01652
3017,134,1.12767,0.08619,-8.71250,-0.07781,-0.01252,-0.01732
3037,135,1.13485,0.10056,-8.73884,-0.07647,-0.02638,-0.01812
3057,136,1.13246,0.08380,-8.69574,-0.07754,-0.01545,-0.01759
3077,137,1.13485,0.09098,-8.73405,-0.07834,0.00453,-0.01679
3097,138,1.13485,0.09816,-8.72926,-0.07861,0.00799,-0.01625
3117,139,1.14443,0.10534,-8.71250,-0.07727,-0.00799,-0.01679
3137,140,1.12767,0.09816,-8.71968,-0.07754,-0.02611,-0.01785
3157,141,1.11809,0.08140,-8.71968,-0.07861,-0.02185,-0.01839
3177,142,1.12288,0.08859,-8.72447,-0.07781,0.00160,-0.01705
3197,143,1.13246,0.08619,-8.73405,-0.07674,0.01226,-0.01599
3217,144,1.15161,0.08380,-8.71489,-0.07781,-0.00373,-0.01679
3237,145,1.14922,0.07422,-8.71011,-0.07727,-0.02691,-0.01759
3257,146,1.13485,0.07422,-8.73644,-0.07781,-0.02638,-0.01705
3277,147,1.14443,0.06943,-8.73405,-0.07727,-0.00480,-0.01652
3297,148,1.12767,0.08140,-8.69574,-0.07834,0.01066,-0.01652
3317,149,1.13485,0.09337,-8.68856,-0.07727,0.00266,-0.01652
3337,150,1.13246,0.06943,-8.71250,-0.07754,-0.01839,-0.01705
3357,151,1.13246,0.08380,-8.72208,-0.07754,-0.02718,-0.01759
3377,152,1.12527,0.09337,-8.72686,-0.07807,-0.01359,-0.01705
3397,153,1.15640,0.07901,-8.73644,-0.07701,0.00400,-0.01652
3417,154,1.13246,0.07422,-8.71968,-0.07701,0.00480,-0.01652
3437,155,1.13725,0.09577,-8.70053,-0.07754,-0.00906,-0.01679
3457,156,1.16119,0.09337,-8.71968,-0.07754,-0.02078,-0.01759
3477,157,1.15401,0.09337,-8.71729,-0.07754,-0.01812,-0.01679
3497,158,1.13246,0.08619,-8.71489,-0.07807,-0.00506,-0.01705
3517,159,1.14922,0.07901,-8.71968,-0.07754,-0.00080,-0.01652
3537,160,1.14682,0.09577,-8.71011,-0.07781,-0.00586,-0.01679
3557,161,1.15161,0.09577,-8.71489,-0.07674,-0.00879,-0.01705
3577,162,1.13485,0.10056,-8.71968,-0.07807,-0.01172,-0.01732
3597,163,1.12767,0.08619,-8.71729,-0.07727,-0.01226,-0.01812
3617,164,1.12288,0.08140,-8.72686,-0.07701,-0.00853,-0.01732
3637,165,1.15161,0.08619,-8.71729,-0.07807,-0.00719,-0.01732
3657,166,1.13485,0.10534,-8.71968,-0.07754,-0.00693,-0.01679
3677,167,1.14922,0.08859,-8.70532,-0.07727,-0.00560,-0.01652
3697,168,1.12767,0.10056,-8.71250,-0.07727,-0.00853,-0.01705
3717,169,1.12767,0.10056,-8.71011,-0.07754,-0.01386,-0.01705
3737,170,1.12767,0.09577,-8.71489,-0.07754,-0.01252,-0.01705
3757,171,1.13725,0.09577,-8.73165,-0.07781,-0.00346,-0.01679
3777,172,1.13964,0.08859,-8.72926,-0.07807,-0.00187,-0.01705
3797,173,1.13725,0.08140,-8.73405,-0.07754,-0.00853,-0.01759
3817,174,1.13246,0.08619,-8.72926,-0.07674,-0.01439,-0.01732
3837,175,1.16358,0.08380,-8.70771,-0.07647,-0.01332,-0.01705
3857,176,1.13964,0.10534,-8.70292,-0.07754,-0.00746,-0.01679
3877,177,1.15161,0.08619,-8.72686,-0.07807,-0.00240,-0.01732
3897,178,1.14203,0.10056,-8.73644,-0.07781,-0.00426,-0.01625
3917,179,1.14682,0.10774,-8.74841,-0.07727,-0.01092,-0.01705
3937,180,1.13485,0.06464,-8.72926,-0.07754,-0.01492,-0.01785
3957,181,1.13725,0.07422,-8.70771,-0.07781,-0.00746,-0.01759
3977,182,1.14443,0.07661,-8.74362,-0.07861,-0.00080,-0.01705
3997,183,1.11809,0.10056,-8.74841,-0.07781,-0.00933,-0.01705
4017,184,1.13725,0.09098,-8.69574,-0.07807,-0.01839,-0.01785
4037,185,1.12049,0.08140,-8.71729,-0.07807,-0.01199,-0.01759
4057,186,1.13246,0.09098,-8.72208,-0.07754,-0.00027,-0.01679
4077,187,1.14682,0.09816,-8.71011,-0.07727,0.00453,-0.01705
4097,188,1.04866,0.08380,-8.82503,-0.07807,0.15615,-0.01252
4117,189,1.44131,0.11492,-8.49702,-0.07408,0.14682,-0.01545
4137,190,1.70228,-0.07183,-8.76757,-0.07621,-0.58835,-0.04290
4157,191,0.77093,0.42377,-8.77954,-0.07914,0.22223,-0.07541
4177,192,1.03669,0.22266,-8.70053,-0.07967,0.18732,-0.03677
4197,193,0.98162,0.29928,-8.67659,-0.09753,0.32002,0.10339
4217,194,1.24498,-0.02155,-8.68138,-0.10898,0.01545,0.20811
4237,195,1.14922,-0.02873,-8.70771,-0.11298,-0.13190,0.17773
4257,196,1.13246,0.30406,-8.88967,-0.14975,-0.13670,0.08394
4277,197,1.65918,0.07422,-8.78911,-0.21877,-0.28645,-0.00879
4297,198,1.14922,0.00000,-8.84179,-0.26620,-0.22276,-0.23076
4317,199,1.24977,-0.18196,-9.08839,-0.33068,0.02825,-0.25847
4337,200,1.03908,-0.06464,-9.33978,-0.60727,0.11964,-0.24621
4357,201,0.76854,0.89304,-9.30626,-0.96033,-0.27632,-0.22703
4377,202,0.72065,1.15401,-9.59357,-1.28808,-0.54705,-0.08740
4397,203,0.70868,1.51074,-10.42435,-1.37948,-0.59501,0.03624
4417,204,0.94332,2.07817,-10.71405,-1.24891,-0.56703,0.00826
4437,205,1.48680,2.15957,-10.61828,-0.85828,-0.34427,-0.02158
4457,206,1.51314,2.12366,-10.77151,-0.29204,-0.27259,0.02451
4477,207,1.03908,1.87466,-10.51055,0.22916,-0.16654,0.03464
4497,208,0.66319,1.68312,-10.00537,0.57529,-0.03331,-0.10898
4517,209,0.64404,1.22583,-9.57920,0.73863,0.03784,-0.35839
4537,210,1.06303,1.57299,-9.42118,0.77594,0.04370,-0.47777
4557,211,1.92015,1.80044,-8.94953,0.66323,0.18572,-0.40929
4577,212,2.31280,1.49638,-8.62391,0.37944,0.07328,-0.22463
4597,213,1.84114,1.29526,-8.91361,0.02585,-0.17320,-0.03144
4617,214,1.09415,1.13006,-9.32781,-0.20038,-0.41915,0.05569
4637,215,0.57940,1.19950,-9.79707,-0.22543,-0.58515,-0.01519
4657,216,0.39744,1.49877,-9.92875,-0.05969,-0.37624,-0.35200
4677,217,0.93853,1.45807,-9.33260,0.16467,-0.07301,-0.87640
4697,218,1.45089,1.10612,-8.69574,0.30457,0.14309,-1.17350
4717,219,10.11311,66.31460,16.54872,-1.29516,-0.00106,-0.00106
4737,220,0.00000,0.00000,0.00000,0.00000,0.00000,0.00000
4757,221,0.00000,0.00000,0.00000,0.00000,0.00000,0.00000
4777,222,0.00000,0.00000,0.00000,0.00000,0.00000,0.00000
4797,223,0.00000,0.00000,0.00000,0.00000,0.00000,0.00000
4817,224,0.00000,0.00000,0.00000,0.00000,0.00000,0.00000
4837,225,0.00000,0.00000,0.00000,0.00000,0.00000,0.00000
4857,226,0.00000,0.00000,0.00000,0.00000,0.00000,0.00000
4877,227,0.00000,0.00000,0.00000,0.00000,0.00000,0.00000
4897,228,0.00000,0.00000,0.00000,0.00000,0.00000,0.00000
4917,229,0.00000,0.00000,0.00000,0.00000,0.00000,0.00000
4937,230,0.00000,0.00000,0.00000,0.00000,0.00000,0.00000
4957,231,0.00000,0.00000,0.00000,0.00000,0.00000,0.00000
4977,232,0.00000,0.00000,0.00000,0.00000,0.00000,0.00000
4997,233,0.00000,0.00000,0.00000,0.00000,0.00000,0.00000
5017,234,0.00000,0.00000,0.00000,0.00000,0.00000,0.00000
5037,235,0.00000,0.00000,0.00000,0.00000,0.00000,0.00000
5057,236,0.00000,0.00000,0.00000,0.00000,0.00000,0.00000
5077,237,0.00000,0.00000,0.00000,0.00000,0.00000,0.00000
5097,238,0.00000,0.00000,0.00000,0.00000,0.00000,0.00000
5117,239,0.00000,0.00000,0.00000,0.00000,0.00000,0.00000
5137,240,0.00000,0.00000,0.00000,0.00000,0.00000,0.00000
5157,241,0.00000,0.00000,0.00000,0.00000,0.00000,0.00000
5177,242,0.00000,0.00000,0.00000,0.00000,0.00000,0.00000
5197,243,0.00000,0.00000,0.00000,0.00000,0.00000,0.00000
5217,244,0.00000,0.00000,0.00000,0.00000,0.00000,0.00000
5237,245,0.00000,0.00000,0.00000,0.00000,0.00000,0.00000
5257,246,0.00000,0.00000,0.00000,0.00000,0.00000,0.00000
5277,247,0.00000,0.00000,0.00000,0.00000,0.00000,0.00000
5297,248,0.00000,0.00000,0.00000,0.00000,0.00000,0.00000
5317,249,0.00000,0.00000,0.00000,0.00000,0.00000,0.00000
5337,250,0.00000,0.00000,0.00000,0.00000,0.00000,0.00000
5357,251,0.00000,0.00000,0.00000,0.00000,0.00000,0.00000
5377,252,0.00000,0.00000,0.00000,0.00000,0.00000,0.00000
5397,253,0.00000,0.00000,0.00000,0.00000,0.00000,0.00000
5417,254,0.00000,0.00000,0.00000,0.00000,0.00000,0.00000
5437,255,0.00000,0.00000,0.00000,0.00000,0.00000,0.00000
5457,256,0.00000,0.00000,0.00000,0.00000,0.00000,0.00000
5477,257,0.00000,0.00000,0.00000,0.00000,0.00000,0.00000
5497,258,0.00000,0.00000,0.00000,0.00000,0.00000,0.00000
5517,259,0.00000,0.00000,0.00000,0.00000,0.00000,0.00000
5537,260,0.00000,0.00000,0.00000,0.00000,0.00000,0.00000
5557,261,0.00000,0.00000,0.00000,0.00000,0.00000,0.00000
5577,262,0.00000,0.00000,0.00000,0.00000,0.00000,0.00000
5597,263,0.00000,0.00000,0.00000,0.00000,0.00000,0.00000
5617,264,0.00000,0.00000,0.00000,0.00000,0.00000,0.00000
5637,265,0.00000,0.00000,0.00000,0.00000,0.00000,0.00000
5657,266,0.00000,0.00000,0.00000,0.00000,0.00000,0.00000
5677,267,0.00000,0.00000,0.00000,0.00000,0.00000,0.00000
5697,268,0.00000,0.00000,0.00000,0.00000,0.00000,0.00000
5717,269,0.00000,0.00000,0.00000,0.00000,0.00000,0.00000
5737,270,0.00000,0.00000,0.00000,0.00000,0.00000,0.00000
5757,271,0.00000,0.00000,0.00000,0.00000,0.00000,0.00000
5777,272,0.00000,0.00000,0.00000,0.00000,0.00000,0.00000
5797,273,0.00000,0.00000,0.00000,0.00000,0.00000,0.00000
5817,274,0.00000,0.00000,0.00000,0.00000,0.00000,0.00000
5837,275,0.00000,0.00000,0.00000,0.00000,0.00000,0.00000
5857,276,0.00000,0.00000,0.00000,0.00000,0.00000,0.00000
5877,277,0.00000,0.00000,0.00000,0.00000,0.00000,0.00000
5897,278,0.00000,0.00000,0.00000,0.00000,0.00000,0.00000
5917,279,0.00000,0.00000,0.00000,0.00000,0.00000,0.00000
5937,280,0.00000,0.00000,0.00000,0.00000,0.00000,0.00000
5957,281,0.00000,0.00000,0.00000,0.00000,0.00000,0.00000
5977,282,0.00000,0.00000,0.00000,0.00000,0.00000,0.00000
5997,283,0.00000,0.00000,0.00000,0.00000,0.00000,0.00000
6017,284,0.00000,0.00000,0.00000,0.00000,0.00000,0.00000
6037,285,0.00000,0.00000,0.00000,0.00000,0.00000,0.00000
6057,286,0.00000,0.00000,0.00000,0.00000,0.00000,0.00000
6077,287,0.00000,0.00000,0.00000,0.00000,0.00000,0.00000
6097,288,0.00000,0.00000,0.00000,0.00000,0.00000,0.00000
6117,289,0.00000,0.00000,0.00000,0.00000,0.00000,0.00000
6137,290,0.00000,0.00000,0.00000,0.00000,0.00000,0.00000
6157,291,0.00000,0.00000,0.00000,0.00000,0.00000,0.00000
6177,292,0.00000,0.00000,0.00000,0.00000,0.00000,0.00000
6197,293,0.00000,0.00000,0.00000,0.00000,0.00000,0.00000
6217,294,0.00000,0.00000,0.00000,0.00000,0.00000,0.00000
6237,295,0.00000,0.00000,0.00000,0.00000,0.00000,0.00000
6257,296,0.00000,0.00000,0.00000,0.00000,0.00000,0.00000
6277,297,0.00000,0.00000,0.00000,0.00000,0.00000,0.00000
6297,298,0.00000,0.00000,0.00000,0.00000,0.00000,0.00000
6317,299,0.00000,0.00000,0.00000,0.00000,0.00000,0.00000
6337,300,0.00000,0.00000,0.00000,0.00000,0.00000,0.00000
6357,301,0.00000,0.00000,0.00000,0.00000,0.00000,0.00000
6377,302,0.00000,0.00000,0.00000,0.00000,0.00000,0.00000
6397,303,0.00000,0.00000,0.00000,0.00000,0.00000,0.00000
6417,304,0.00000,0.00000,0.00000,0.00000,0.00000,0.00000
6437,305,0.00000,0.00000,0.00000,0.00000,0.00000,0.00000
6457,306,0.00000,0.00000,0.00000,0.00000,0.00000,0.00000
6477,307,0.00000,0.00000,0.00000,0.00000,0.00000,0.00000
6497,308,0.00000,0.00000,0.00000,0.00000,0.00000,0.00000
6517,309,0.00000,0.00000,0.00000,0.00000,0.00000,0.00000
6537,310,0.00000,0.00000,0.00000,0.00000,0.00000,0.00000
6557,311,0.00000,0.00000,0.00000,0.00000,0.00000,0.00000
6577,312,0.00000,0.00000,0.00000,0.00000,0.00000,0.00000
6597,313,0.00000,0.00000,0.00000,0.00000,0.00000,0.00000
6617,314,0.00000,0.00000,0.00000,0.00000,0.00000,0.00000
6637,315,0.00000,0.00000,0.00000,0.00000,0.00000,0.00000
6657,316,0.00000,0.00000,0.00000,0.00000,0.00000,0.00000
6677,317,0.00000,0.00000,0.00000,0.00000,0.00000,0.00000
6697,318,0.00000,0.00000,0.00000,0.00000,0.00000,0.00000
6717,319,0.00000,0.00000,0.00000,0.00000,0.00000,0.00000
6737,320,0.00000,0.00000,0.00000,0.00000,0.00000,0.00000
6757,321,0.00000,0.00000,0.00000,0.00000,0.00000,0.00000
6777,322,0.00000,0.00000,0.00000,0.00000,0.00000,0.00000
6797,323,0.00000,0.00000,0.00000,0.00000,0.00000,0.00000
6817,324,0.00000,0.00000,0.00000,0.00000,0.00000,0.00000
6837,325,0.00000,0.00000,0.00000,0.00000,0.00000,0.00000
6857,326,0.00000,0.00000,0.00000,0.00000,0.00000,0.00000
6877,327,0.00000,0.00000,0.00000,0.00000,0.00000,0.00000
6897,328,0.00000,0.00000,0.00000,0.00000,0.00000,0.00000
6917,329,0.00000,0.00000,0.00000,0.00000,0.00000,0.00000
6937,330,0.00000,0.00000,0.00000,0.00000,0.00000,0.00000
6957,331,0.00000,0.00000,0.00000,0.00000,0.00000,0.00000
6977,332,0.00000,0.00000,0.00000,0.00000,0.00000,0.00000
6997,333,0.00000,0.00000,0.00000,0.00000,0.00000,0.00000
7017,334,0.00000,0.00000,0.00000,0.00000,0.00000,0.00000
7037,335,0.00000,0.00000,0.00000,0.00000,0.00000,0.00000
7057,336,0.00000,0.00000,0.00000,0.00000,0.00000,0.00000
7077,337,0.00000,0.00000,0.00000,0.00000,0.00000,0.00000
7097,338,0.00000,0.00000,0.00000,0.00000,0.00000,0.00000
7117,339,0.00000,0.00000,0.00000,0.00000,0.00000,0.00000
7137,340,0.00000,0.00000,0.00000,0.00000,0.00000,0.00000
7157,341,0.00000,0.00000,0.00000,0.00000,0.00000,0.00000
7177,342,0.00000,0.00000,0.00000,0.00000,0.00000,0.00000
7197,343,0.00000,0.00000,0.00000,0.00000,0.00000,0.00000
7217,344,0.00000,0.00000,0.00000,0.00000,0.00000,0.00000
7237,345,0.00000,0.00000,0.00000,0.00000,0.00000,0.00000
7257,346,0.00000,0.00000,0.00000,0.00000,0.00000,0.00000
7277,347,0.00000,0.00000,0.00000,0.00000,0.00000,0.00000
7297,348,0.00000,0.00000,0.00000,0.00000,0.00000,0.00000
7317,349,0.00000,0.00000,0.00000,0.00000,0.00000,0.00000
7337,350,0.00000,0.00000,0.00000,0.00000,0.00000,0.00000
7357,351,0.00000,0.00000,0.00000,0.00000,0.00000,0.00000
7377,352,0.00000,0.00000,0.00000,0.00000,0.00000,0.00000
7397,353,0.00000,0.00000,0.00000,0.00000,0.00000,0.00000
7417,354,0.00000,0.00000,0.00000,0.00000,0.00000,0.00000
7437,355,0.00000,0.00000,0.00000,0.00000,0.00000,0.00000
7457,356,0.00000,0.00000,0.00000,0.00000,0.00000,0.00000
7477,357,0.00000,0.00000,0.00000,0.00000,0.00000,0.00000
7497,358,0.00000,0.00000,0.00000,0.00000,0.00000,0.00000
7517,359,0.00000,0.00000,0.00000,0.00000,0.00000,0.00000
7537,360,0.00000,0.00000,0.00000,0.00000,0.00000,0.00000
7557,361,0.00000,0.00000,0.00000,0.00000,0.00000,0.00000
7577,362,0.00000,0.00000,0.00000,0.00000,0.00000,0.00000
7597,363,0.00000,0.00000,0.00000,0.00000,0.00000,0.00000
7617,364,0.00000,0.00000,0.00000,0.00000,0.00000,0.00000
7637,365,0.00000,0.00000,0.00000,0.00000,0.00000,0.00000
7657,366,0.00000,0.00000,0.00000,0.00000,0.00000,0.00000
7677,367,0.00000,0.00000,0.00000,0.00000,0.00000,0.00000
7697,368,0.00000,0.00000,0.00000,0.00000,0.00000,0.00000
7717,369,0.00000,0.00000,0.00000,0.00000,0.00000,0.00000
7737,370,0.00000,0.00000,0.00000,0.00000,0.00000,0.00000
7757,371,0.00000,0.00000,0.00000,0.00000,0.00000,0.00000
7777,372,0.00000,0.00000,0.00000,0.00000,0.00000,0.00000
7797,373,0.00000,0.00000,0.00000,0.00000,0.00000,0.00000
7817,374,0.00000,0.00000,0.00000,0.00000,0.00000,0.00000
7837,375,0.00000,0.00000,0.00000,0.00000,0.00000,0.00000
7857,376,0.00000,0.00000,0.00000,0.00000,0.00000,0.00000
7877,377,0.00000,0.00000,0.00000,0.00000,0.00000,0.00000
7897,378,0.00000,0.00000,0.00000,0.00000,0.00000,0.00000
7917,379,0.00000,0.00000,0.00000,0.00000,0.00000,0.00000
7937,380,0.00000,0.00000,0.00000,0.00000,0.00000,0.00000
7957,381,0.00000,0.00000,0.00000,0.00000,0.00000,0.00000
7977,382,0.00000,0.00000,0.00000,0.00000,0.00000,0.00000
7997,383,0.00000,0.00000,0.00000,0.00000,0.00000,0.00000
8017,384,0.00000,0.00000,0.00000,0.00000,0.00000,0.00000
8037,385,0.00000,0.00000,0.00000,0.00000,0.00000,0.00000
8057,386,0.00000,0.00000,0.00000,0.00000,0.00000,0.00000
8077,387,0.00000,0.00000,0.00000,0.00000,0.00000,0.00000
8097,388,0.00000,0.00000,0.00000,0.00000,0.00000,0.00000
8117,389,0.00000,0.00000,0.00000,0.00000,0.00000,0.00000
8137,390,0.00000,0.00000,0.00000,0.00000,0.00000,0.00000
8157,391,0.00000,0.00000,0.00000,0.00000,0.00000,0.00000
8177,392,0.00000,0.00000,0.00000,0.00000,0.00000,0.00000
8197,393,0.00000,0.00000,0.00000,0.00000,0.00000,0.00000
8217,394,0.00000,0.00000,0.00000,0.00000,0.00000,0.00000
8237,395,0.00000,0.00000,0.00000,0.00000,0.00000,0.00000
8257,396,0.00000,0.00000,0.00000,0.00000,0.00000,0.00000
8277,397,0.00000,0.00000,0.00000,0.00000,0.00000,0.00000
8297,398,0.00000,0.00000,0.00000,0.00000,0.00000,0.00000
8317,399,0.00000,0.00000,0.00000,0.00000,0.00000,0.00000
8337,400,0.00000,0.00000,0.00000,0.00000,0.00000,0.00000
8357,401,0.00000,0.00000,0.00000,0.00000,0.00000,0.00000
8377,402,0.00000,0.00000,0.00000,0.00000,0.00000,0.00000
8397,403,0.00000,0.00000,0.00000,0.00000,0.00000,0.00000
8417,404,0.00000,0.00000,0.00000,0.00000,0.00000,0.00000
8437,405,0.00000,0.00000,0.00000,0.00000,0.00000,0.00000
8457,406,0.00000,0.00000,0.00000,0.00000,0.00000,0.00000
8477,407,0.00000,0.00000,0.00000,0.00000,0.00000,0.00000
8497,408,0.00000,0.00000,0.00000,0.00000,0.00000,0.00000
8517,409,0.00000,0.00000,0.00000,0.00000,0.00000,0.00000
8537,410,0.00000,0.00000,0.00000,0.00000,0.00000,0.00000
8557,411,0.00000,0.00000,0.00000,0.00000,0.00000,0.00000
8577,412,0.00000,0.00000,0.00000,0.00000,0.00000,0.00000
8597,413,0.00000,0.00000,0.00000,0.00000,0.00000,0.00000
8617,414,0.00000,0.00000,0.00000,0.00000,0.00000,0.00000
8637,415,0.00000,0.00000,0.00000,0.00000,0.00000,0.00000
8657,416,0.00000,0.00000,0.00000,0.00000,0.00000,0.00000
8677,417,0.00000,0.00000,0.00000,0.00000,0.00000,0.00000
8697,418,0.00000,0.00000,0.00000,0.00000,0.00000,0.00000
8717,419,0.00000,0.00000,0.00000,0.00000,0.00000,0.00000
8737,420,0.00000,0.00000,0.00000,0.00000,0.00000,0.00000
8757,421,0.00000,0.00000,0.00000,0.00000,0.00000,0.00000
8777,422,0.00000,0.00000,0.00000,0.00000,0.00000,0.00000
8797,423,0.00000,0.00000,0.00000,0.00000,0.00000,0.00000
8817,424,0.00000,0.00000,0.00000,0.00000,0.00000,0.00000
8837,425,0.00000,0.00000,0.00000,0.00000,0.00000,0.00000
8857,426,0.00000,0.00000,0.00000,0.00000,0.00000,0.00000
8877,427,0.00000,0.00000,0.00000,0.00000,0.00000,0.00000
8897,428,0.00000,0.00000,0.00000,0.00000,0.00000,0.00000
8917,429,0.00000,0.00000,0.00000,0.00000,0.00000,0.00000
8937,430,0.00000,0.00000,0.00000,0.00000,0.00000,0.00000
8957,431,0.00000,0.00000,0.00000,0.00000,0.00000,0.00000
8977,432,0.00000,0.00000,0.00000,0.00000,0.00000,0.00000
8997,433,0.00000,0.00000,0.00000,0.00000,0.00000,0.00000
9017,434,0.00000,0.00000,0.00000,0.00000,0.00000,0.00000
9037,435,0.00000,0.00000,0.00000,0.00000,0.00000,0.00000
9057,436,0.00000,0.00000,0.00000,0.00000,0.00000,0.00000
9077,437,0.00000,0.00000,0.00000,0.00000,0.00000,0.00000
9097,438,0.00000,0.00000,0.00000,0.00000,0.00000,0.00000
9117,439,0.00000,0.00000,0.00000,0.00000,0.00000,0.00000
9137,440,0.00000,0.00000,0.00000,0.00000,0.00000,0.00000
9157,441,0.00000,0.00000,0.00000,0.00000,0.00000,0.00000
9177,442,0.00000,0.00000,0.00000,0.00000,0.00000,0.00000
9197,443,0.00000,0.00000,0.00000,0.00000,0.00000,0.00000
9217,444,0.00000,0.00000,0.00000,0.00000,0.00000,0.00000
9237,445,0.00000,0.00000,0.00000,0.00000,0.00000,0.00000
9257,446,0.00000,0.00000,0.00000,0.00000,0.00000,0.00000
9277,447,0.00000,0.00000,0.00000,0.00000,0.00000,0.00000
9297,448,0.00000,0.00000,0.00000,0.00000,0.00000,0.00000
9317,449,0.00000,0.00000,0.00000,0.00000,0.00000,0.00000
9337,450,0.00000,0.00000,0.00000,0.00000,0.00000,0.00000
9357,451,0.00000,0.00000,0.00000,0.00000,0.00000,0.00000
9377,452,0.00000,0.00000,0.00000,0.00000,0.00000,0.00000
9397,453,0.00000,0.00000,0.00000,0.00000,0.00000,0.00000
9417,454,0.00000,0.00000,0.00000,0.00000,0.00000,0.00000
9437,455,0.00000,0.00000,0.00000,0.00000,0.00000,0.00000
9457,456,0.00000,0.00000,0.00000,0.00000,0.00000,0.00000
9477,457,0.00000,0.00000,0.00000,0.00000,0.00000,0.00000
9497,458,0.00000,0.00000,0.00000,0.00000,0.00000,0.00000
9517,459,0.00000,0.00000,0.00000,0.00000,0.00000,0.00000
9537,460,0.00000,0.00000,0.00000,0.00000,0.00000,0.00000
9557,461,0.00000,0.00000,0.00000,0.00000,0.00000,0.00000
9577,462,0.00000,0.00000,0.00000,0.00000,0.00000,0.00000
9597,463,0.00000,0.00000,0.00000,0.00000,0.00000,0.00000
9617,464,0.00000,0.00000,0.00000,0.00000,0.00000,0.00000
9637,465,0.00000,0.00000,0.00000,0.00000,0.00000,0.00000
9657,466,0.00000,0.00000,0.00000,0.00000,0.00000,0.00000
9677,467,0.00000,0.00000,0.00000,0.00000,0.00000,0.00000
9697,468,0.00000,0.00000,0.00000,0.00000,0.00000,0.00000
9717,469,0.00000,0.00000,0.00000,0.00000,0.00000,0.00000
9737,470,0.00000,0.00000,0.00000,0.00000,0.00000,0.00000
9757,471,0.00000,0.00000,0.00000,0.00000,0.00000,0.00000
9777,472,0.00000,0.00000,0.00000,0.00000,0.00000,0.00000
9797,473,0.00000,0.00000,0.00000,0.00000,0.00000,0.00000
9817,474,0.00000,0.00000,0.00000,0.00000,0.00000,0.00000
9837,475,0.00000,0.00000,0.00000,0.00000,0.00000,0.00000
9857,476,0.00000,0.00000,0.00000,0.00000,0.00000,0.00000
9877,477,0.00000,0.00000,0.00000,0.00000,0.00000,0.00000
9897,478,0.00000,0.00000,0.00000,0.00000,0.00000,0.00000
9917,479,0.00000,0.00000,0.00000,0.00000,0.00000,0.00000
9937,480,0.00000,0.00000,0.00000,0.00000,0.00000,0.00000
9957,481,0.00000,0.00000,0.00000,0.00000,0.00000,0.00000
9977,482,0.00000,0.00000,0.00000,0.00000,0.00000,0.00000
9997,483,0.00000,0.00000,0.00000,0.00000,0.00000,0.00000
10017,484,0.00000,0.00000,0.00000,0.00000,0.00000,0.00000
10037,485,0.00000,0.00000,0.00000,0.00000,0.00000,0.00000
10057,486,0.00000,0.00000,0.00000,0.00000,0.00000,0.00000
10077,487,0.00000,0.00000,0.00000,0.00000,0.00000,0.00000
10097,488,0.00000,0.00000,0.00000,0.00000,0.00000,0.00000
10117,489,0.00000,0.00000,0.00000,0.00000,0.00000,0.00000
10137,490,0.00000,0.00000,0.00000,0.00000,0.00000,0.00000
10157,491,0.00000,0.00000,0.00000,0.00000,0.00000,0.00000
10177,492,0.00000,0.00000,0.00000,0.00000,0.00000,0.00000
10197,493,0.00000,0.00000,0.00000,0.00000,0.00000,0.00000
10217,494,0.00000,0.00000,0.00000,0.00000,0.00000,0.00000
10237,495,0.00000,0.00000,0.00000,0.00000,0.00000,0.00000
10257,496,0.00000,0.00000,0.00000,0.00000,0.00000,0.00000
10277,497,0.00000,0.00000,0.00000,0.00000,0.00000,0.00000
10297,498,0.00000,0.00000,0.00000,0.00000,0.00000,0.00000
10317,499,0.00000,0.00000,0.00000,0.00000,0.00000,0.00000
10337,500,0.00000,0.00000,0.00000,0.00000,0.00000,0.00000
10357,501,0.00000,0.00000,0.00000,0.00000,0.00000,0.00000
10377,502,0.00000,0.00000,0.00000,0.00000,0.00000,0.00000
10397,503,0.00000,0.00000,0.00000,0.00000,0.00000,0.00000
10417,504,0.00000,0.00000,0.00000,0.00000,0.00000,0.00000
10437,505,0.00000,0.00000,0.00000,0.00000,0.00000,0.00000
10457,506,0.00000,0.00000,0.00000,0.00000,0.00000,0.00000
10477,507,0.00000,0.00000,0.00000,0.00000,0.00000,0.00000
10497,508,0.00000,0.00000,0.00000,0.00000,0.00000,0.00000
10517,509,0.00000,0.00000,0.00000,0.00000,0.00000,0.00000
10537,510,0.00000,0.00000,0.00000,0.00000,0.00000,0.00000
10557,511,0.00000,0.00000,0.00000,0.00000,0.00000,0.00000
10577,512,0.00000,0.00000,0.00000,0.00000,0.00000,0.00000
10597,513,0.00000,0.00000,0.00000,0.00000,0.00000,0.00000
10617,514,0.00000,0.00000,0.00000,0.00000,0.00000,0.00000
10637,515,0.00000,0.00000,0.00000,0.00000,0.00000,0.00000
10657,516,0.00000,0.00000,0.00000,0.00000,0.00000,0.00000
10677,517,0.00000,0.00000,0.00000,0.00000,0.00000,0.00000
10697,518,0.00000,0.00000,0.00000,0.00000,0.00000,0.00000
10717,519,0.00000,0.00000,0.00000,0.00000,0.00000,0.00000
10737,520,0.00000,0.00000,0.00000,0.00000,0.00000,0.00000
10757,521,0.00000,0.00000,0.00000,0.00000,0.00000,0.00000
10777,522,0.00000,0.00000,0.00000,0.00000,0.00000,0.00000
10797,523,0.00000,0.00000,0.00000,0.00000,0.00000,0.00000
10817,524,0.00000,0.00000,0.00000,0.00000,0.00000,0.00000
10837,525,0.00000,0.00000,0.00000,0.00000,0.00000,0.00000
10857,526,0.00000,0.00000,0.00000,0.00000,0.00000,0.00000
10877,527,0.00000,0.00000,0.00000,0.00000,0.00000,0.00000
10897,528,0.00000,0.00000,0.00000,0.00000,0.00000,0.00000
10917,529,0.00000,0.00000,0.00000,0.00000,0.00000,0.00000
10937,530,0.00000,0.00000,0.00000,0.00000,0.00000,0.00000
10957,531,0.00000,0.00000,0.00000,0.00000,0.00000,0.00000
10977,532,0.00000,0.00000,0.00000,0.00000,0.00000,0.00000
10997,533,0.00000,0.00000,0.00000,0.00000,0.00000,0.00000
11017,534,0.00000,0.00000,0.00000,0.00000,0.00000,0.00000
11037,535,0.00000,0.00000,0.00000,0.00000,0.00000,0.00000
11057,536,0.00000,0.00000,0.00000,0.00000,0.00000,0.00000
11077,537,0.00000,0.00000,0.00000,0.00000,0.00000,0.00000
11097,538,0.00000,0.00000,0.00000,0.00000,0.00000,0.00000
11117,539,0.00000,0.00000,0.00000,0.00000,0.00000,0.00000
11137,540,0.00000,0.00000,0.00000,0.00000,0.00000,0.00000
11157,541,0.00000,0.00000,0.00000,0.00000,0.00000,0.00000
11177,542,0.00000,0.00000,0.00000,0.00000,0.00000,0.00000
11197,543,0.00000,0.00000,0.00000,0.00000,0.00000,0.00000
11217,544,0.00000,0.00000,0.00000,0.00000,0.00000,0.00000
11237,545,0.00000,0.00000,0.00000,0.00000,0.00000,0.00000
11257,546,0.00000,0.00000,0.00000,0.00000,0.00000,0.00000
11277,547,0.00000,0.00000,0.00000,0.00000,0.00000,0.00000
11297,548,0.00000,0.00000,0.00000,0.00000,0.00000,0.00000
11317,549,0.00000,0.00000,0.00000,0.00000,0.00000,0.00000
11337,550,0.00000,0.00000,0.00000,0.00000,0.00000,0.00000
11357,551,0.00000,0.00000,0.00000,0.00000,0.00000,0.00000
11377,552,0.00000,0.00000,0.00000,0.00000,0.00000,0.00000
11397,553,0.00000,0.00000,0.00000,0.00000,0.00000,0.00000
11417,554,0.00000,0.00000,0.00000,0.00000,0.00000,0.00000
11437,555,0.00000,0.00000,0.00000,0.00000,0.00000,0.00000
11457,556,0.00000,0.00000,0.00000,0.00000,0.00000,0.00000
11477,557,0.00000,0.00000,0.00000,0.00000,0.00000,0.00000
11497,558,0.00000,0.00000,0.00000,0.00000,0.00000,0.00000
11517,559,0.00000,0.00000,0.00000,0.00000,0.00000,0.00000
11537,560,0.00000,0.00000,0.00000,0.00000,0.00000,0.00000
11557,561,0.00000,0.00000,0.00000,0.00000,0.00000,0.00000
11577,562,0.00000,0.00000,0.00000,0.00000,0.00000,0.00000
11597,563,0.00000,0.00000,0.00000,0.00000,0.00000,0.00000
11617,564,0.00000,0.00000,0.00000,0.00000,0.00000,0.00000
11637,565,0.00000,0.00000,0.00000,0.00000,0.00000,0.00000
11657,566,0.00000,0.00000,0.00000,0.00000,0.00000,0.00000
11677,567,0.00000,0.00000,0.00000,0.00000,0.00000,0.00000
11697,568,0.00000,0.00000,0.00000,0.00000,0.00000,0.00000
11717,569,0.00000,0.00000,0.00000,0.00000,0.00000,0.00000
11737,570,0.00000,0.00000,0.00000,0.00000,0.00000,0.00000
11757,571,0.00000,0.00000,0.00000,0.00000,0.00000,0.00000
11777,572,0.00000,0.00000,0.00000,0.00000,0.00000,0.00000
11797,573,0.00000,0.00000,0.00000,0.00000,0.00000,0.00000
11817,574,0.00000,0.00000,0.00000,0.00000,0.00000,0.00000
11837,575,0.00000,0.00000,0.00000,0.00000,0.00000,0.00000
11857,576,0.00000,0.00000,0.00000,0.00000,0.00000,0.00000
11877,577,0.00000,0.00000,0.00000,0.00000,0.00000,0.00000
11897,578,0.00000,0.00000,0.00000,0.00000,0.00000,0.00000
11917,579,0.00000,0.00000,0.00000,0.00000,0.00000,0.00000
11937,580,0.00000,0.00000,0.00000,0.00000,0.00000,0.00000
11957,581,0.00000,0.00000,0.00000,0.00000,0.00000,0.00000
11977,582,0.00000,0.00000,0.00000,0.00000,0.00000,0.00000
11997,583,0.00000,0.00000,0.00000,0.00000,0.00000,0.00000
12017,584,0.00000,0.00000,0.00000,0.00000,0.00000,0.00000
12037,585,0.00000,0.00000,0.00000,0.00000,0.00000,0.00000
12057,586,0.00000,0.00000,0.00000,0.00000,0.00000,0.00000
12077,587,0.00000,0.00000,0.00000,0.00000,0.00000,0.00000
12097,588,0.00000,0.00000,0.00000,0.00000,0.00000,0.00000
12117,589,0.00000,0.00000,0.00000,0.00000,0.00000,0.00000
12137,590,0.00000,0.00000,0.00000,0.00000,0.00000,0.00000
12157,591,0.00000,0.00000,0.00000,0.00000,0.00000,0.00000
12177,592,0.00000,0.00000,0.00000,0.00000,0.00000,0.00000
12197,593,0.00000,0.00000,0.00000,0.00000,0.00000,0.00000
12217,594,0.00000,0.00000,0.00000,0.00000,0.00000,0.00000
12237,595,0.00000,0.00000,0.00000,0.00000,0.00000,0.00000
12257,596,0.00000,0.00000,0.00000,0.00000,0.00000,0.00000
12277,597,0.00000,0.00000,0.00000,0.00000,0.00000,0.00000
12297,598,0.00000,0.00000,0.00000,0.00000,0.00000,0.00000
12317,599,0.00000,0.00000,0.00000,0.00000,0.00000,0.00000
12337,600,0.00000,0.00000,0.00000,0.00000,0.00000,0.00000
12357,601,0.00000,0.00000,0.00000,0.00000,0.00000,0.00000
12377,602,0.00000,0.00000,0.00000,0.00000,0.00000,0.00000
12397,603,0.00000,0.00000,0.00000,0.00000,0.00000,0.00000
12417,604,0.00000,0.00000,0.00000,0.00000,0.00000,0.00000
12437,605,0.00000,0.00000,0.00000,0.00000,0.00000,0.00000
12457,606,0.00000,0.00000,0.00000,0.00000,0.00000,0.00000
12477,607,0.00000,0.00000,0.00000,0.00000,0.00000,0.00000
12497,608,0.00000,0.00000,0.00000,0.00000,0.00000,0.00000
12517,609,0.00000,0.00000,0.00000,0.00000,0.00000,0.00000
12537,610,0.00000,0.00000,0.00000,0.00000,0.00000,0.00000
12557,611,0.00000,0.00000,0.00000,0.00000,0.00000,0.00000
12577,612,0.00000,0.00000,0.00000,0.00000,0.00000,0.00000
12597,613,0.00000,0.00000,0.00000,0.00000,0.00000,0.00000
12617,614,0.00000,0.00000,0.00000,0.00000,0.00000,0.00000
12637,615,0.00000,0.00000,0.00000,0.00000,0.00000,0.00000
12657,616,0.00000,0.00000,0.00000,0.00000,0.00000,0.00000
12677,617,0.00000,0.00000,0.00000,0.00000,0.00000,0.00000
12697,618,0.00000,0.00000,0.00000,0.00000,0.00000,0.00000
12717,619,0.00000,0.00000,0.00000,0.00000,0.00000,0.00000
12737,620,0.00000,0.00000,0.00000,0.00000,0.00000,0.00000
12757,621,0.00000,0.00000,0.00000,0.00000,0.00000,0.00000
12777,622,0.00000,0.00000,0.00000,0.00000,0.00000,0.00000
12797,623,0.00000,0.00000,0.00000,0.00000,0.00000,0.00000
12817,624,0.00000,0.00000,0.00000,0.00000,0.00000,0.00000
12837,625,0.00000,0.00000,0.00000,0.00000,0.00000,0.00000
12857,626,0.00000,0.00000,0.00000,0.00000,0.00000,0.00000
12877,627,0.00000,0.00000,0.00000,0.00000,0.00000,0.00000
12897,628,0.00000,0.00000,0.00000,0.00000,0.00000,0.00000
12917,629,0.00000,0.00000,0.00000,0.00000,0.00000,0.00000
12937,630,0.00000,0.00000,0.00000,0.00000,0.00000,0.00000
12957,631,0.00000,0.00000,0.00000,0.00000,0.00000,0.00000
12977,632,0.00000,0.00000,0.00000,0.00000,0.00000,0.00000
12997,633,0.00000,0.00000,0.00000,0.00000,0.00000,0.00000
13017,634,0.00000,0.00000,0.00000,0.00000,0.00000,0.00000
13037,635,0.00000,0.00000,0.00000,0.00000,0.00000,0.00000
13057,636,0.00000,0.00000,0.00000,0.00000,0.00000,0.00000
13077,637,0.00000,0.00000,0.00000,0.00000,0.00000,0.00000
13097,638,0.00000,0.00000,0.00000,0.00000,0.00000,0.00000
13117,639,0.00000,0.00000,0.00000,0.00000,0.00000,0.00000
13137,640,0.00000,0.00000,0.00000,0.00000,0.00000,0.00000
13157,641,0.00000,0.00000,0.00000,0.00000,0.00000,0.00000
13177,642,0.00000,0.00000,0.00000,0.00000,0.00000,0.00000
13197,643,0.00000,0.00000,0.00000,0.00000,0.00000,0.00000
13217,644,0.00000,0.00000,0.00000,0.00000,0.00000,0.00000
13237,645,0.00000,0.00000,0.00000,0.00000,0.00000,0.00000
13257,646,0.00000,0.00000,0.00000,0.00000,0.00000,0.00000
13277,647,0.00000,0.00000,0.00000,0.00000,0.00000,0.00000
13297,648,0.00000,0.00000,0.00000,0.00000,0.00000,0.00000
13317,649,0.00000,0.00000,0.00000,0.00000,0.00000,0.00000
13337,650,0.00000,0.00000,0.00000,0.00000,0.00000,0.00000
13357,651,0.00000,0.00000,0.00000,0.00000,0.00000,0.00000
13377,652,0.00000,0.00000,0.00000,0.00000,0.00000,0.00000
13397,653,0.00000,0.00000,0.00000,0.00000,0.00000,0.00000
13417,654,0.00000,0.00000,0.00000,0.00000,0.00000,0.00000
13437,655,0.00000,0.00000,0.00000,0.00000,0.00000,0.00000
13457,656,0.00000,0.00000,0.00000,0.00000,0.00000,0.00000
13477,657,0.00000,0.00000,0.00000,0.00000,0.00000,0.00000
13497,658,0.00000,0.00000,0.00000,0.00000,0.00000,0.00000
13517,659,0.00000,0.00000,0.00000,0.00000,0.00000,0.00000
13537,660,0.00000,0.00000,0.00000,0.00000,0.00000,0.00000
13557,661,0.00000,0.00000,0.00000,0.00000,0.00000,0.00000
13577,662,0.00000,0.00000,0.00000,0.00000,0.00000,0.00000
13597,663,0.00000,0.00000,0.00000,0.00000,0.00000,0.00000
13617,664,0.00000,0.00000,0.00000,0.00000,0.00000,0.00000
13637,665,0.00000,0.00000,0.00000,0.00000,0.00000,0.00000
13657,666,0.00000,0.00000,0.00000,0.00000,0.00000,0.00000
13677,667,0.00000,0.00000,0.00000,0.00000,0.00000,0.00000
13697,668,0.00000,0.00000,0.00000,0.00000,0.00000,0.00000
13717,669,0.00000,0.00000,0.00000,0.00000,0.00000,0.00000
13737,670,0.00000,0.00000,0.00000,0.00000,0.00000,0.00000
13757,671,0.00000,0.00000,0.00000,0.00000,0.00000,0.00000
13777,672,0.00000,0.00000,0.00000,0.00000,0.00000,0.00000
13797,673,0.00000,0.00000,0.00000,0.00000,0.00000,0.00000
13817,674,0.00000,0.00000,0.00000,0.00000,0.00000,0.00000
13837,675,0.00000,0.00000,0.00000,0.00000,0.00000,0.00000
13857,676,0.00000,0.00000,0.00000,0.00000,0.00000,0.00000
13877,677,0.00000,0.00000,0.00000,0.00000,0.00000,0.00000
13897,678,0.00000,0.00000,0.00000,0.00000,0.00000,0.00000
13917,679,0.00000,0.00000,0.00000,0.00000,0.00000,0.00000
13937,680,0.00000,0.00000,0.00000,0.00000,0.00000,0.00000
13957,681,0.00000,0.00000,0.00000,0.00000,0.00000,0.00000
13977,682,0.00000,0.00000,0.00000,0.00000,0.00000,0.00000
13997,683,0.00000,0.00000,0.00000,0.00000,0.00000,0.00000
14017,684,0.00000,0.00000,0.00000,0.00000,0.00000,0.00000
14037,685,0.00000,0.00000,0.00000,0.00000,0.00000,0.00000
14057,686,0.00000,0.00000,0.00000,0.00000,0.00000,0.00000
14077,687,0.00000,0.00000,0.00000,0.00000,0.00000,0.00000
14097,688,0.00000,0.00000,0.00000,0.00000,0.00000,0.00000
14117,689,0.00000,0.00000,0.00000,0.00000,0.00000,0.00000
14137,690,0.00000,0.00000,0.00000,0.00000,0.00000,0.00000
14157,691,0.00000,0.00000,0.00000,0.00000,0.00000,0.00000
14177,692,0.00000,0.00000,0.00000,0.00000,0.00000,0.00000
14197,693,0.00000,0.00000,0.00000,0.00000,0.00000,0.00000
14217,694,0.00000,0.00000,0.00000,0.00000,0.00000,0.00000
14237,695,0.00000,0.00000,0.00000,0.00000,0.00000,0.00000
14257,696,0.00000,0.00000,0.00000,0.00000,0.00000,0.00000
14277,697,0.00000,0.00000,0.00000,0.00000,0.00000,0.00000
14297,698,0.00000,0.00000,0.00000,0.00000,0.00000,0.00000
14317,699,0.00000,0.00000,0.00000,0.00000,0.00000,0.00000
14337,700,0.00000,0.00000,0.00000,0.00000,0.00000,0.00000
14357,701,0.00000,0.00000,0.00000,0.00000,0.00000,0.00000
14377,702,0.00000,0.00000,0.00000,0.00000,0.00000,0.00000
14397,703,0.00000,0.00000,0.00000,0.00000,0.00000,0.00000
14417,704,0.00000,0.00000,0.00000,0.00000,0.00000,0.00000
14437,705,0.00000,0.00000,0.00000,0.00000,0.00000,0.00000
14457,706,0.00000,0.00000,0.00000,0.00000,0.00000,0.00000
14477,707,0.00000,0.00000,0.00000,0.00000,0.00000,0.00000
14497,708,0.00000,0.00000,0.00000,0.00000,0.00000,0.00000
14517,709,0.00000,0.00000,0.00000,0.00000,0.00000,0.00000
14537,710,0.00000,0.00000,0.00000,0.00000,0.00000,0.00000
14557,711,0.00000,0.00000,0.00000,0.00000,0.00000,0.00000
14577,712,0.00000,0.00000,0.00000,0.00000,0.00000,0.00000
14597,713,0.00000,0.00000,0.00000,0.00000,0.00000,0.00000
14617,714,0.00000,0.00000,0.00000,0.00000,0.00000,0.00000
14637,715,0.00000,0.00000,0.00000,0.00000,0.00000,0.00000
14657,716,0.00000,0.00000,0.00000,0.00000,0.00000,0.00000
14677,717,0.00000,0.00000,0.00000,0.00000,0.00000,0.00000
14697,718,0.00000,0.00000,0.00000,0.00000,0.00000,0.00000
14717,719,0.00000,0.00000,0.00000,0.00000,0.00000,0.00000
14737,720,0.00000,0.00000,0.00000,0.00000,0.00000,0.00000
14757,721,0.00000,0.00000,0.00000,0.00000,0.00000,0.00000
14777,722,0.00000,0.00000,0.00000,0.00000,0.00000,0.00000
14797,723,0.00000,0.00000,0.00000,0.00000,0.00000,0.00000
14817,724,0.00000,0.00000,0.00000,0.00000,0.00000,0.00000
14837,725,10.11311,66.31460,16.54872,-1.29516,-0.00106,-0.00106
14857,726,10.11311,127.64447,-5.82749,0.00000,0.00000,0.00000
14877,727,0.00000,0.00000,0.00000,0.00000,0.00000,0.00000
14897,728,0.00000,0.00000,0.00000,0.00000,0.00000,0.00000
14917,729,0.00000,0.00000,0.00000,0.00000,0.00000,0.00000
14937,730,0.00000,0.00000,0.00000,0.00000,0.00000,0.00000
14957,731,0.00000,0.00000,0.00000,0.00000,0.00000,0.00000
14977,732,0.00000,0.00000,0.00000,0.00000,0.00000,0.00000
14997,733,0.00000,0.00000,0.00000,0.00000,0.00000,0.00000
15017,734,0.00000,0.00000,0.00000,0.00000,0.00000,0.00000
15037,735,0.00000,0.00000,0.00000,0.00000,0.00000,0.00000
15057,736,0.00000,0.00000,0.00000,0.00000,0.00000,0.00000
15077,737,0.00000,0.00000,0.00000,0.00000,0.00000,0.00000
15097,738,0.00000,0.00000,0.00000,0.00000,0.00000,0.00000
15117,739,0.00000,0.00000,0.00000,0.00000,0.00000,0.00000
15137,740,0.00000,0.00000,0.00000,0.00000,0.00000,0.00000
15157,741,0.00000,0.00000,0.00000,0.00000,0.00000,0.00000
15177,742,0.00000,0.00000,0.00000,0.00000,0.00000,0.00000
15197,743,0.00000,0.00000,0.00000,0.00000,0.00000,0.00000
15217,744,0.00000,0.00000,0.00000,0.00000,0.00000,0.00000
15237,745,0.00000,0.00000,0.00000,0.00000,0.00000,0.00000
15257,746,0.00000,0.00000,0.00000,0.00000,0.00000,0.00000
15277,747,1.26414,8.28932,2.06859,-0.16214,-0.00013,-0.00013
15330,748,0.00000,0.00000,0.00000,0.00000,0.00000,0.00000
15334,749,0.00000,0.00000,0.00000,0.00000,0.00000,0.00000
15337,750,0.00000,0.00000,0.00000,0.00000,0.00000,0.00000
15357,751,0.00000,0.00000,0.00000,0.00000,0.00000,0.00000
15377,752,0.00000,0.00000,0.00000,0.00000,0.00000,0.00000
15397,753,0.00000,0.00000,0.00000,0.00000,0.00000,0.00000
15417,754,0.00000,0.00000,0.00000,0.00000,0.00000,0.00000
15437,755,0.00000,0.00000,0.00000,0.00000,0.00000,0.00000
15457,756,0.00000,0.00000,0.00000,0.00000,0.00000,0.00000
15477,757,0.00000,0.00000,0.00000,0.00000,0.00000,0.00000
15497,758,0.00000,0.00000,0.00000,0.00000,0.00000,0.00000
15517,759,0.00000,0.00000,0.00000,0.00000,0.00000,0.00000
15537,760,0.00000,0.00000,0.00000,0.00000,0.00000,0.00000
15557,761,0.00000,0.00000,0.00000,0.00000,0.00000,0.00000
15577,762,0.00000,0.00000,0.00000,0.00000,0.00000,0.00000
15597,763,0.00000,0.00000,0.00000,0.00000,0.00000,0.00000
15617,764,0.00000,0.00000,0.00000,0.00000,0.00000,0.00000
15637,765,0.00000,0.00000,0.00000,0.00000,0.00000,0.00000
15657,766,0.00000,0.00000,0.00000,0.00000,0.00000,0.00000
15677,767,0.00000,0.00000,0.00000,0.00000,0.00000,0.00000
15697,768,0.00000,0.00000,0.00000,0.00000,0.00000,0.00000
15717,769,0.00000,0.00000,0.00000,0.00000,0.00000,0.00000
15737,770,0.00000,0.00000,0.00000,0.00000,0.00000,0.00000
15757,771,0.00000,0.00000,0.00000,0.00000,0.00000,0.00000
15777,772,0.00000,0.00000,0.00000,0.00000,0.00000,0.00000
15797,773,0.00000,0.00000,0.00000,0.00000,0.00000,0.00000
15817,774,0.00000,0.00000,0.00000,0.00000,0.00000,0.00000
15837,775,0.00000,0.00000,0.00000,0.00000,0.00000,0.00000
15857,776,0.00000,0.00000,0.00000,0.00000,0.00000,0.00000
15877,777,0.00000,0.00000,0.00000,0.00000,0.00000,0.00000
15897,778,0.00000,0.00000,0.00000,0.00000,0.00000,0.00000
15917,779,0.00000,0.00000,0.00000,0.00000,0.00000,0.00000
15937,780,0.00000,0.00000,0.00000,0.00000,0.00000,0.00000
15957,781,0.00000,0.00000,0.00000,0.00000,0.00000,0.00000
15977,782,0.00000,0.00000,0.00000,0.00000,0.00000,0.00000
15997,783,0.00000,0.00000,0.00000,0.00000,0.00000,0.00000
16017,784,0.00000,0.00000,0.00000,0.00000,0.00000,0.00000
16037,785,0.00000,0.00000,0.00000,0.00000,0.00000,0.00000
16057,786,0.00000,0.00000,0.00000,0.00000,0.00000,0.00000
16077,787,0.00000,0.00000,0.00000,0.00000,0.00000,0.00000
16097,788,0.00000,0.00000,0.00000,0.00000,0.00000,0.00000
16117,789,0.00000,0.00000,0.00000,0.00000,0.00000,0.00000
16137,790,0.00000,0.00000,0.00000,0.00000,0.00000,0.00000
16157,791,0.00000,0.00000,0.00000,0.00000,0.00000,0.00000
16177,792,0.00000,0.00000,0.00000,0.00000,0.00000,0.00000
16197,793,0.00000,0.00000,0.00000,0.00000,0.00000,0.00000
16217,794,0.00000,0.00000,0.00000,0.00000,0.00000,0.00000
16237,795,0.00000,0.00000,0.00000,0.00000,0.00000,0.00000
16257,796,0.00000,0.00000,0.00000,0.00000,0.00000,0.00000
16277,797,0.00000,0.00000,0.00000,0.00000,0.00000,0.00000
16297,798,0.00000,0.00000,0.00000,0.00000,0.00000,0.00000
16317,799,0.00000,0.00000,0.00000,0.00000,0.00000,0.00000
16337,800,0.00000,0.00000,0.00000,0.00000,0.00000,0.00000
16357,801,0.00000,0.00000,0.00000,0.00000,0.00000,0.00000
16377,802,0.00000,0.00000,0.00000,0.00000,0.00000,0.00000
16397,803,0.00000,0.00000,0.00000,0.00000,0.00000,0.00000
16417,804,0.00000,0.00000,0.00000,0.00000,0.00000,0.00000
16437,805,0.00000,0.00000,0.00000,0.00000,0.00000,0.00000
16457,806,0.00000,0.00000,0.00000,0.00000,0.00000,0.00000
16477,807,0.00000,0.00000,0.00000,0.00000,0.00000,0.00000
16497,808,0.00000,0.00000,0.00000,0.00000,0.00000,0.00000
16517,809,0.00000,0.00000,0.00000,0.00000,0.00000,0.00000
16537,810,0.00000,0.00000,0.00000,0.00000,0.00000,0.00000
16557,811,0.00000,0.00000,0.00000,0.00000,0.00000,0.00000
16577,812,0.00000,0.00000,0.00000,0.00000,0.00000,0.00000
16597,813,0.00000,0.00000,0.00000,0.00000,0.00000,0.00000
16617,814,0.00000,0.00000,0.00000,0.00000,0.00000,0.00000
16637,815,0.00000,0.00000,0.00000,0.00000,0.00000,0.00000
16657,816,0.00000,0.00000,0.00000,0.00000,0.00000,0.00000
16677,817,0.00000,0.00000,0.00000,0.00000,0.00000,0.00000
16697,818,0.00000,0.00000,0.00000,0.00000,0.00000,0.00000
16717,819,0.00000,0.00000,0.00000,0.00000,0.00000,0.00000
16737,820,0.00000,0.00000,0.00000,0.00000,0.00000,0.00000
16757,821,0.00000,0.00000,0.00000,0.00000,0.00000,0.00000
16777,822,0.00000,0.00000,0.00000,0.00000,0.00000,0.00000
16797,823,0.00000,0.00000,0.00000,0.00000,0.00000,0.00000
16817,824,0.00000,0.00000,0.00000,0.00000,0.00000,0.00000
16837,825,0.00000,0.00000,0.00000,0.00000,0.00000,0.00000
16857,826,0.00000,0.00000,0.00000,0.00000,0.00000,0.00000
16877,827,0.00000,0.00000,0.00000,0.00000,0.00000,0.00000
16897,828,0.00000,0.00000,0.00000,0.00000,0.00000,0.00000
16917,829,0.00000,0.00000,0.00000,0.00000,0.00000,0.00000
16937,830,0.00000,0.00000,0.00000,0.00000,0.00000,0.00000
16957,831,0.00000,0.00000,0.00000,0.00000,0.00000,0.00000
16977,832,0.00000,0.00000,0.00000,0.00000,0.00000,0.00000
16997,833,0.00000,0.00000,0.00000,0.00000,0.00000,0.00000
17017,834,0.00000,0.00000,0.00000,0.00000,0.00000,0.00000
17037,835,0.00000,0.00000,0.00000,0.00000,0.00000,0.00000
17057,836,0.00000,0.00000,0.00000,0.00000,0.00000,0.00000
17077,837,0.00000,0.00000,0.00000,0.00000,0.00000,0.00000
17097,838,0.00000,0.00000,0.00000,0.00000,0.00000,0.00000
17117,839,0.00000,0.00000,0.00000,0.00000,0.00000,0.00000
17137,840,0.00000,0.00000,0.00000,0.00000,0.00000,0.00000
17157,841,0.00000,0.00000,0.00000,0.00000,0.00000,0.00000
17177,842,0.00000,0.00000,0.00000,0.00000,0.00000,0.00000
17197,843,0.00000,0.00000,0.00000,0.00000,0.00000,0.00000
17217,844,0.00000,0.00000,0.00000,0.00000,0.00000,0.00000
17237,845,0.00000,0.00000,0.00000,0.00000,0.00000,0.00000
17257,846,0.00000,0.00000,0.00000,0.00000,0.00000,0.00000
17277,847,0.00000,0.00000,0.00000,0.00000,0.00000,0.00000
17297,848,0.00000,0.00000,0.00000,0.00000,0.00000,0.00000
17317,849,0.00000,0.00000,0.00000,0.00000,0.00000,0.00000
17337,850,0.00000,0.00000,0.00000,0.00000,0.00000,0.00000
17357,851,0.00000,0.00000,0.00000,0.00000,0.00000,0.00000
17377,852,0.00000,0.00000,0.00000,0.00000,0.00000,0.00000
17397,853,0.00000,0.00000,0.00000,0.00000,0.00000,0.00000
17417,854,0.00000,0.00000,0.00000,0.00000,0.00000,0.00000
17437,855,0.00000,0.00000,0.00000,0.00000,0.00000,0.00000
17457,856,0.00000,0.00000,0.00000,0.00000,0.00000,0.00000
17477,857,0.00000,0.00000,0.00000,0.00000,0.00000,0.00000
17497,858,0.00000,0.00000,0.00000,0.00000,0.00000,0.00000
17517,859,0.00000,0.00000,0.00000,0.00000,0.00000,0.00000
17537,860,0.00000,0.00000,0.00000,0.00000,0.00000,0.00000
17557,861,0.00000,0.00000,0.00000,0.00000,0.00000,0.00000
17577,862,0.00000,0.00000,0.00000,0.00000,0.00000,0.00000
17597,863,0.00000,0.00000,0.00000,0.00000,0.00000,0.00000
17617,864,0.00000,0.00000,0.00000,0.00000,0.00000,0.00000
17637,865,0.00000,0.00000,0.00000,0.00000,0.00000,0.00000
17657,866,0.00000,0.00000,0.00000,0.00000,0.00000,0.00000
17677,867,0.00000,0.00000,0.00000,0.00000,0.00000,0.00000
17697,868,0.00000,0.00000,0.00000,0.00000,0.00000,0.00000
17717,869,0.00000,0.00000,0.00000,0.00000,0.00000,0.00000
17737,870,0.00000,0.00000,0.00000,0.00000,0.00000,0.00000
17757,871,0.00000,0.00000,0.00000,0.00000,0.00000,0.00000
17777,872,0.00000,0.00000,0.00000,0.00000,0.00000,0.00000
17797,873,0.00000,0.00000,0.00000,0.00000,0.00000,0.00000
17817,874,0.00000,0.00000,0.00000,0.00000,0.00000,0.00000
17837,875,0.00000,0.00000,0.00000,0.00000,0.00000,0.00000
17857,876,0.00000,0.00000,0.00000,0.00000,0.00000,0.00000
17877,877,0.00000,0.00000,0.00000,0.00000,0.00000,0.00000
17897,878,0.00000,0.00000,0.00000,0.00000,0.00000,0.00000
17917,879,0.00000,0.00000,0.00000,0.00000,0.00000,0.00000
17937,880,0.00000,0.00000,0.00000,0.00000,0.00000,0.00000
17957,881,0.00000,0.00000,0.00000,0.00000,0.00000,0.00000
17977,882,0.00000,0.00000,0.00000,0.00000,0.00000,0.00000
17997,883,0.00000,0.00000,0.00000,0.00000,0.00000,0.00000
18017,884,0.00000,0.00000,0.00000,0.00000,0.00000,0.00000
18037,885,0.00000,0.00000,0.00000,0.00000,0.00000,0.00000
18057,886,0.00000,0.00000,0.00000,0.00000,0.00000,0.00000
18077,887,0.00000,0.00000,0.00000,0.00000,0.00000,0.00000
18097,888,0.00000,0.00000,0.00000,0.00000,0.00000,0.00000
18117,889,0.00000,0.00000,0.00000,0.00000,0.00000,0.00000
18137,890,0.00000,0.00000,0.00000,0.00000,0.00000,0.00000
18157,891,0.00000,0.00000,0.00000,0.00000,0.00000,0.00000
18177,892,0.00000,0.00000,0.00000,0.00000,0.00000,0.00000
18197,893,0.00000,0.00000,0.00000,0.00000,0.00000,0.00000
18217,894,0.00000,0.00000,0.00000,0.00000,0.00000,0.00000
18237,895,0.00000,0.00000,0.00000,0.00000,0.00000,0.00000
18257,896,0.00000,0.00000,0.00000,0.00000,0.00000,0.00000
18277,897,0.00000,0.00000,0.00000,0.00000,0.00000,0.00000
18297,898,0.00000,0.00000,0.00000,0.00000,0.00000,0.00000
18317,899,0.00000,0.00000,0.00000,0.00000,0.00000,0.00000
18337,900,0.00000,0.00000,0.00000,0.00000,0.00000,0.00000
18357,901,0.00000,0.00000,0.00000,0.00000,0.00000,0.00000
18377,902,0.00000,0.00000,0.00000,0.00000,0.00000,0.00000
18397,903,0.00000,0.00000,0.00000,0.00000,0.00000,0.00000
18417,904,0.00000,0.00000,0.00000,0.00000,0.00000,0.00000
18437,905,0.00000,0.00000,0.00000,0.00000,0.00000,0.00000
18457,906,0.00000,0.00000,0.00000,0.00000,0.00000,0.00000
18477,907,0.00000,0.00000,0.00000,0.00000,0.00000,0.00000
18497,908,0.00000,0.00000,0.00000,0.00000,0.00000,0.00000
18517,909,0.00000,0.00000,0.00000,0.00000,0.00000,0.00000
18537,910,0.00000,0.00000,0.00000,0.00000,0.00000,0.00000
18557,911,0.00000,0.00000,0.00000,0.00000,0.00000,0.00000
18577,912,0.00000,0.00000,0.00000,0.00000,0.00000,0.00000
18597,913,0.00000,0.00000,0.00000,0.00000,0.00000,0.00000
18617,914,0.00000,0.00000,0.00000,0.00000,0.00000,0.00000
18637,915,0.00000,0.00000,0.00000,0.00000,0.00000,0.00000
18657,916,0.00000,0.00000,0.00000,0.00000,0.00000,0.00000
18677,917,0.00000,0.00000,0.00000,0.00000,0.00000,0.00000
18697,918,0.00000,0.00000,0.00000,0.00000,0.00000,0.00000
18717,919,0.00000,0.00000,0.00000,0.00000,0.00000,0.00000
18737,920,0.00000,0.00000,0.00000,0.00000,0.00000,0.00000
18757,921,0.00000,0.00000,0.00000,0.00000,0.00000,0.00000
18777,922,0.00000,0.00000,0.00000,0.00000,0.00000,0.00000
18797,923,0.00000,0.00000,0.00000,0.00000,0.00000,0.00000
18817,924,0.00000,0.00000,0.00000,0.00000,0.00000,0.00000
18837,925,0.00000,0.00000,0.00000,0.00000,0.00000,0.00000
18857,926,0.00000,0.00000,0.00000,0.00000,0.00000,0.00000
18877,927,0.00000,0.00000,0.00000,0.00000,0.00000,0.00000
18897,928,0.00000,0.00000,0.00000,0.00000,0.00000,0.00000
18917,929,0.00000,0.00000,0.00000,0.00000,0.00000,0.00000
18937,930,0.00000,0.00000,0.00000,0.00000,0.00000,0.00000
18957,931,0.00000,0.00000,0.00000,0.00000,0.00000,0.00000
18977,932,0.00000,0.00000,0.00000,0.00000,0.00000,0.00000
18997,933,0.00000,0.00000,0.00000,0.00000,0.00000,0.00000
19017,934,0.00000,0.00000,0.00000,0.00000,0.00000,0.00000
19037,935,0.00000,0.00000,0.00000,0.00000,0.00000,0.00000
19057,936,0.00000,0.00000,0.00000,0.00000,0.00000,0.00000
19077,937,0.00000,0.00000,0.00000,0.00000,0.00000,0.00000
19097,938,0.00000,0.00000,0.00000,0.00000,0.00000,0.00000
19117,939,0.00000,0.00000,0.00000,0.00000,0.00000,0.00000
19137,940,0.00000,0.00000,0.00000,0.00000,0.00000,0.00000
19157,941,0.00000,0.00000,0.00000,0.00000,0.00000,0.00000
19177,942,0.00000,0.00000,0.00000,0.00000,0.00000,0.00000
19197,943,0.00000,0.00000,0.00000,0.00000,0.00000,0.00000
19217,944,0.00000,0.00000,0.00000,0.00000,0.00000,0.00000
19237,945,0.00000,0.00000,0.00000,0.00000,0.00000,0.00000
19257,946,0.00000,0.00000,0.00000,0.00000,0.00000,0.00000
19277,947,0.00000,0.00000,0.00000,0.00000,0.00000,0.00000
19297,948,0.00000,0.00000,0.00000,0.00000,0.00000,0.00000
19317,949,0.00000,0.00000,0.00000,0.00000,0.00000,0.00000
19337,950,0.00000,0.00000,0.00000,0.00000,0.00000,0.00000
19357,951,0.00000,0.00000,0.00000,0.00000,0.00000,0.00000
19377,952,0.00000,0.00000,0.00000,0.00000,0.00000,0.00000
19397,953,0.00000,0.00000,0.00000,0.00000,0.00000,0.00000
19417,954,0.00000,0.00000,0.00000,0.00000,0.00000,0.00000
19437,955,0.00000,0.00000,0.00000,0.00000,0.00000,0.00000
19457,956,0.00000,0.00000,0.00000,0.00000,0.00000,0.00000
19477,957,0.00000,0.00000,0.00000,0.00000,0.00000,0.00000
19497,958,0.00000,0.00000,0.00000,0.00000,0.00000,0.00000
19517,959,0.00000,0.00000,0.00000,0.00000,0.00000,0.00000
19537,960,0.00000,0.00000,0.00000,0.00000,0.00000,0.00000
19557,961,0.00000,0.00000,0.00000,0.00000,0.00000,0.00000
19577,962,0.00000,0.00000,0.00000,0.00000,0.00000,0.00000
19597,963,0.00000,0.00000,0.00000,0.00000,0.00000,0.00000
19617,964,0.00000,0.00000,0.00000,0.00000,0.00000,0.00000
19637,965,0.00000,0.00000,0.00000,0.00000,0.00000,0.00000
19657,966,0.00000,0.00000,0.00000,0.00000,0.00000,0.00000
19677,967,0.00000,0.00000,0.00000,0.00000,0.00000,0.00000
19697,968,0.00000,0.00000,0.00000,0.00000,0.00000,0.00000
19717,969,0.00000,0.00000,0.00000,0.00000,0.00000,0.00000
19737,970,0.00000,0.00000,0.00000,0.00000,0.00000,0.00000
19757,971,0.00000,0.00000,0.00000,0.00000,0.00000,0.00000
19777,972,0.00000,0.00000,0.00000,0.00000,0.00000,0.00000
19797,973,0.00000,0.00000,0.00000,0.00000,0.00000,0.00000
19817,974,0.00000,0.00000,0.00000,0.00000,0.00000,0.00000
19837,975,0.00000,0.00000,0.00000,0.00000,0.00000,0.00000
19857,976,0.00000,0.00000,0.00000,0.00000,0.00000,0.00000
19877,977,0.00000,0.00000,0.00000,0.00000,0.00000,0.00000
19897,978,0.00000,0.00000,0.00000,0.00000,0.00000,0.00000
19917,979,0.00000,0.00000,0.00000,0.00000,0.00000,0.00000
19937,980,0.00000,0.00000,0.00000,0.00000,0.00000,0.00000
19957,981,0.00000,0.00000,0.00000,0.00000,0.00000,0.00000
19977,982,0.00000,0.00000,0.00000,0.00000,0.00000,0.00000
19997,983,0.00000,0.00000,0.00000,0.00000,0.00000,0.00000
20017,984,0.00000,0.00000,0.00000,0.00000,0.00000,0.00000
20037,985,0.00000,0.00000,0.00000,0.00000,0.00000,0.00000
20057,986,0.00000,0.00000,0.00000,0.00000,0.00000,0.00000
20077,987,0.00000,0.00000,0.00000,0.00000,0.00000,0.00000
20097,988,0.00000,0.00000,0.00000,0.00000,0.00000,0.00000
20117,989,0.00000,0.00000,0.00000,0.00000,0.00000,0.00000
20137,990,0.00000,0.00000,0.00000,0.00000,0.00000,0.00000
20157,991,0.00000,0.00000,0.00000,0.00000,0.00000,0.00000
20177,992,0.00000,0.00000,0.00000,0.00000,0.00000,0.00000
20197,993,0.00000,0.00000,0.00000,0.00000,0.00000,0.00000
20217,994,0.00000,0.00000,0.00000,0.00000,0.00000,0.00000
20237,995,0.00000,0.00000,0.00000,0.00000,0.00000,0.00000
20257,996,0.00000,0.00000,0.00000,0.00000,0.00000,0.00000
20277,997,0.00000,0.00000,0.00000,0.00000,0.00000,0.00000
20297,998,0.00000,0.00000,0.00000,0.00000,0.00000,0.00000
20317,999,0.00000,0.00000,0.00000,0.00000,0.00000,0.00000
20337,1000,0.00000,0.00000,0.00000,0.00000,0.00000,0.00000
20357,1001,0.00000,0.00000,0.00000,0.00000,0.00000,0.00000
20377,1002,0.00000,0.00000,0.00000,0.00000,0.00000,0.00000
20397,1003,0.00000,0.00000,0.00000,0.00000,0.00000,0.00000
20417,1004,0.00000,0.00000,0.00000,0.00000,0.00000,0.00000
20437,1005,0.00000,0.00000,0.00000,0.00000,0.00000,0.00000
20457,1006,0.00000,0.00000,0.00000,0.00000,0.00000,0.00000
20477,1007,0.00000,0.00000,0.00000,0.00000,0.00000,0.00000
20497,1008,0.00000,0.00000,0.00000,0.00000,0.00000,0.00000
20517,1009,0.00000,0.00000,0.00000,0.00000,0.00000,0.00000
20537,1010,0.00000,0.00000,0.00000,0.00000,0.00000,0.00000
20557,1011,0.00000,0.00000,0.00000,0.00000,0.00000,0.00000
20577,1012,0.00000,0.00000,0.00000,0.00000,0.00000,0.00000
20597,1013,0.00000,0.00000,0.00000,0.00000,0.00000,0.00000
20617,1014,0.00000,0.00000,0.00000,0.00000,0.00000,0.00000
20637,1015,0.00000,0.00000,0.00000,0.00000,0.00000,0.00000
20657,1016,0.00000,0.00000,0.00000,0.00000,0.00000,0.00000
20677,1017,0.00000,0.00000,0.00000,0.00000,0.00000,0.00000
20697,1018,0.00000,0.00000,0.00000,0.00000,0.00000,0.00000
20717,1019,0.00000,0.00000,0.00000,0.00000,0.00000,0.00000
20737,1020,0.00000,0.00000,0.00000,0.00000,0.00000,0.00000
20757,1021,0.00000,0.00000,0.00000,0.00000,0.00000,0.00000
20777,1022,0.00000,0.00000,0.00000,0.00000,0.00000,0.00000
20797,1023,0.00000,0.00000,0.00000,0.00000,0.00000,0.00000
20817,1024,0.00000,0.00000,0.00000,0.00000,0.00000,0.00000
20837,1025,0.00000,0.00000,0.00000,0.00000,0.00000,0.00000
20857,1026,0.00000,0.00000,0.00000,0.00000,0.00000,0.00000
20877,1027,0.00000,0.00000,0.00000,0.00000,0.00000,0.00000
20897,1028,0.00000,0.00000,0.00000,0.00000,0.00000,0.00000
20917,1029,0.00000,0.00000,0.00000,0.00000,0.00000,0.00000
20937,1030,0.00000,0.00000,0.00000,0.00000,0.00000,0.00000
20957,1031,0.00000,0.00000,0.00000,0.00000,0.00000,0.00000
20977,1032,0.00000,0.00000,0.00000,0.00000,0.00000,0.00000
20997,1033,0.00000,0.00000,0.00000,0.00000,0.00000,0.00000
21017,1034,0.00000,0.00000,0.00000,0.00000,0.00000,0.00000
21037,1035,0.00000,0.00000,0.00000,0.00000,0.00000,0.00000
21057,1036,0.00000,0.00000,0.00000,0.00000,0.00000,0.00000
21077,1037,0.00000,0.00000,0.00000,0.00000,0.00000,0.00000
21097,1038,0.00000,0.00000,0.00000,0.00000,0.00000,0.00000
21117,1039,0.00000,0.00000,0.00000,0.00000,0.00000,0.00000
21137,1040,0.00000,0.00000,0.00000,0.00000,0.00000,0.00000
21157,1041,0.00000,0.00000,0.00000,0.00000,0.00000,0.00000
21177,1042,0.00000,0.00000,0.00000,0.00000,0.00000,0.00000
21197,1043,0.00000,0.00000,0.00000,0.00000,0.00000,0.00000
21217,1044,0.00000,0.00000,0.00000,0.00000,0.00000,0.00000
21237,1045,0.00000,0.00000,0.00000,0.00000,0.00000,0.00000
21257,1046,0.00000,0.00000,0.00000,0.00000,0.00000,0.00000
21277,1047,0.00000,0.00000,0.00000,0.00000,0.00000,0.00000
21297,1048,0.00000,0.00000,0.00000,0.00000,0.00000,0.00000
21317,1049,0.00000,0.00000,0.00000,0.00000,0.00000,0.00000
21337,1050,0.00000,0.00000,0.00000,0.00000,0.00000,0.00000
21357,1051,0.00000,0.00000,0.00000,0.00000,0.00000,0.00000
21377,1052,0.00000,0.00000,0.00000,0.00000,0.00000,0.00000
21397,1053,0.00000,0.00000,0.00000,0.00000,0.00000,0.00000
21417,1054,0.00000,0.00000,0.00000,0.00000,0.00000,0.00000
21437,1055,0.00000,0.00000,0.00000,0.00000,0.00000,0.00000
21457,1056,0.00000,0.00000,0.00000,0.00000,0.00000,0.00000
21477,1057,0.00000,0.00000,0.00000,0.00000,0.00000,0.00000
21497,1058,0.00000,0.00000,0.00000,0.00000,0.00000,0.00000
21517,1059,0.00000,0.00000,0.00000,0.00000,0.00000,0.00000
21537,1060,0.00000,0.00000,0.00000,0.00000,0.00000,0.00000
21557,1061,0.00000,0.00000,0.00000,0.00000,0.00000,0.00000
21577,1062,0.00000,0.00000,0.00000,0.00000,0.00000,0.00000
21597,1063,0.00000,0.00000,0.00000,0.00000,0.00000,0.00000
21617,1064,0.00000,0.00000,0.00000,0.00000,0.00000,0.00000
21637,1065,0.00000,0.00000,0.00000,0.00000,0.00000,0.00000
21657,1066,0.00000,0.00000,0.00000,0.00000,0.00000,0.00000
21677,1067,0.00000,0.00000,0.00000,0.00000,0.00000,0.00000
21697,1068,0.00000,0.00000,0.00000,0.00000,0.00000,0.00000
21717,1069,0.00000,0.00000,0.00000,0.00000,0.00000,0.00000
21737,1070,0.00000,0.00000,0.00000,0.00000,0.00000,0.00000
21757,1071,0.00000,0.00000,0.00000,0.00000,0.00000,0.00000
21777,1072,0.00000,0.00000,0.00000,0.00000,0.00000,0.00000
21797,1073,0.00000,0.00000,0.00000,0.00000,0.00000,0.00000
21817,1074,0.00000,0.00000,0.00000,0.00000,0.00000,0.00000
21837,1075,0.00000,0.00000,0.00000,0.00000,0.00000,0.00000
21857,1076,0.00000,0.00000,0.00000,0.00000,0.00000,0.00000
21877,1077,0.00000,0.00000,0.00000,0.00000,0.00000,0.00000
21897,1078,0.00000,0.00000,0.00000,0.00000,0.00000,0.00000
21917,1079,0.00000,0.00000,0.00000,0.00000,0.00000,0.00000
21937,1080,0.00000,0.00000,0.00000,0.00000,0.00000,0.00000
21957,1081,0.00000,0.00000,0.00000,0.00000,0.00000,0.00000
21977,1082,0.00000,0.00000,0.00000,0.00000,0.00000,0.00000
21997,1083,0.00000,0.00000,0.00000,0.00000,0.00000,0.00000
22017,1084,0.00000,0.00000,0.00000,0.00000,0.00000,0.00000
22037,1085,0.00000,0.00000,0.00000,0.00000,0.00000,0.00000
22057,1086,0.00000,0.00000,0.00000,0.00000,0.00000,0.00000
22077,1087,0.00000,0.00000,0.00000,0.00000,0.00000,0.00000
22097,1088,0.00000,0.00000,0.00000,0.00000,0.00000,0.00000
22117,1089,0.00000,0.00000,0.00000,0.00000,0.00000,0.00000
22137,1090,0.00000,0.00000,0.00000,0.00000,0.00000,0.00000
22157,1091,0.00000,0.00000,0.00000,0.00000,0.00000,0.00000
22177,1092,0.00000,0.00000,0.00000,0.00000,0.00000,0.00000
22197,1093,0.00000,0.00000,0.00000,0.00000,0.00000,0.00000
22217,1094,0.00000,0.00000,0.00000,0.00000,0.00000,0.00000
22237,1095,0.00000,0.00000,0.00000,0.00000,0.00000,0.00000
22257,1096,0.00000,0.00000,0.00000,0.00000,0.00000,0.00000
22277,1097,0.00000,0.00000,0.00000,0.00000,0.00000,0.00000
22297,1098,0.00000,0.00000,0.00000,0.00000,0.00000,0.00000
22317,1099,0.00000,0.00000,0.00000,0.00000,0.00000,0.00000
22337,1100,0.00000,0.00000,0.00000,0.00000,0.00000,0.00000
22357,1101,0.00000,0.00000,0.00000,0.00000,0.00000,0.00000
22377,1102,0.00000,0.00000,0.00000,0.00000,0.00000,0.00000
22397,1103,0.00000,0.00000,0.00000,0.00000,0.00000,0.00000
22417,1104,0.00000,0.00000,0.00000,0.00000,0.00000,0.00000
22437,1105,0.00000,0.00000,0.00000,0.00000,0.00000,0.00000
22457,1106,0.00000,0.00000,0.00000,0.00000,0.00000,0.00000
22477,1107,0.00000,0.00000,0.00000,0.00000,0.00000,0.00000
22497,1108,0.00000,0.00000,0.00000,0.00000,0.00000,0.00000
22517,1109,0.00000,0.00000,0.00000,0.00000,0.00000,0.00000
22537,1110,0.00000,0.00000,0.00000,0.00000,0.00000,0.00000
22557,1111,0.00000,0.00000,0.00000,0.00000,0.00000,0.00000
22577,1112,0.00000,0.00000,0.00000,0.00000,0.00000,0.00000
22597,1113,0.00000,0.00000,0.00000,0.00000,0.00000,0.00000
22617,1114,0.00000,0.00000,0.00000,0.00000,0.00000,0.00000
22637,1115,0.00000,0.00000,0.00000,0.00000,0.00000,0.00000
22657,1116,0.00000,0.00000,0.00000,0.00000,0.00000,0.00000
22677,1117,0.00000,0.00000,0.00000,0.00000,0.00000,0.00000
22697,1118,0.00000,0.00000,0.00000,0.00000,0.00000,0.00000
22717,1119,0.00000,0.00000,0.00000,0.00000,0.00000,0.00000
22737,1120,0.00000,0.00000,0.00000,0.00000,0.00000,0.00000
22757,1121,0.00000,0.00000,0.00000,0.00000,0.00000,0.00000
22777,1122,0.00000,0.00000,0.00000,0.00000,0.00000,0.00000
22797,1123,0.00000,0.00000,0.00000,0.00000,0.00000,0.00000
22817,1124,0.00000,0.00000,0.00000,0.00000,0.00000,0.00000
22837,1125,0.00000,0.00000,0.00000,0.00000,0.00000,0.00000
22857,1126,0.00000,0.00000,0.00000,0.00000,0.00000,0.00000
22877,1127,0.00000,0.00000,0.00000,0.00000,0.00000,0.00000
22897,1128,0.00000,0.00000,0.00000,0.00000,0.00000,0.00000
22917,1129,0.00000,0.00000,0.00000,0.00000,0.00000,0.00000
22937,1130,0.00000,0.00000,0.00000,0.00000,0.00000,0.00000
22957,1131,0.00000,0.00000,0.00000,0.00000,0.00000,0.00000
22977,1132,0.00000,0.00000,0.00000,0.00000,0.00000,0.00000
22997,1133,0.00000,0.00000,0.00000,0.00000,0.00000,0.00000
23017,1134,0.00000,0.00000,0.00000,0.00000,0.00000,0.00000
23037,1135,0.00000,0.00000,0.00000,0.00000,0.00000,0.00000
23057,1136,0.00000,0.00000,0.00000,0.00000,0.00000,0.00000
23077,1137,0.00000,0.00000,0.00000,0.00000,0.00000,0.00000
23097,1138,0.00000,0.00000,0.00000,0.00000,0.00000,0.00000
23117,1139,0.00000,0.00000,0.00000,0.00000,0.00000,0.00000
23137,1140,0.00000,0.00000,0.00000,0.00000,0.00000,0.00000
23157,1141,0.00000,0.00000,0.00000,0.00000,0.00000,0.00000
23177,1142,0.00000,0.00000,0.00000,0.00000,0.00000,0.00000
23197,1143,0.00000,0.00000,0.00000,0.00000,0.00000,0.00000
23217,1144,0.00000,0.00000,0.00000,0.00000,0.00000,0.00000
23237,1145,0.00000,0.00000,0.00000,0.00000,0.00000,0.00000
23257,1146,0.00000,0.00000,0.00000,0.00000,0.00000,0.00000
23277,1147,0.00000,0.00000,0.00000,0.00000,0.00000,0.00000
23297,1148,0.00000,0.00000,0.00000,0.00000,0.00000,0.00000
23317,1149,0.00000,0.00000,0.00000,0.00000,0.00000,0.00000
23337,1150,0.00000,0.00000,0.00000,0.00000,0.00000,0.00000
23357,1151,0.00000,0.00000,0.00000,0.00000,0.00000,0.00000
23377,1152,0.00000,0.00000,0.00000,0.00000,0.00000,0.00000
23397,1153,0.00000,0.00000,0.00000,0.00000,0.00000,0.00000
23417,1154,0.00000,0.00000,0.00000,0.00000,0.00000,0.00000
23437,1155,0.00000,0.00000,0.00000,0.00000,0.00000,0.00000
23457,1156,0.00000,0.00000,0.00000,0.00000,0.00000,0.00000
23477,1157,0.00000,0.00000,0.00000,0.00000,0.00000,0.00000
23497,1158,0.00000,0.00000,0.00000,0.00000,0.00000,0.00000
23517,1159,0.00000,0.00000,0.00000,0.00000,0.00000,0.00000
23537,1160,0.00000,0.00000,0.00000,0.00000,0.00000,0.00000
23557,1161,0.00000,0.00000,0.00000,0.00000,0.00000,0.00000
23577,1162,0.00000,0.00000,0.00000,0.00000,0.00000,0.00000
23597,1163,0.00000,0.00000,0.00000,0.00000,0.00000,0.00000
23617,1164,0.00000,0.00000,0.00000,0.00000,0.00000,0.00000
23637,1165,0.00000,0.00000,0.00000,0.00000,0.00000,0.00000
23657,1166,0.00000,0.00000,0.00000,0.00000,0.00000,0.00000
23677,1167,0.00000,0.00000,0.00000,0.00000,0.00000,0.00000
23697,1168,0.00000,0.00000,0.00000,0.00000,0.00000,0.00000
23717,1169,0.00000,0.00000,0.00000,0.00000,0.00000,0.00000
23737,1170,0.00000,0.00000,0.00000,0.00000,0.00000,0.00000
23757,1171,0.00000,0.00000,0.00000,0.00000,0.00000,0.00000
23777,1172,0.00000,0.00000,0.00000,0.00000,0.00000,0.00000
23797,1173,0.00000,0.00000,0.00000,0.00000,0.00000,0.00000
23817,1174,0.00000,0.00000,0.00000,0.00000,0.00000,0.00000
23837,1175,0.00000,0.00000,0.00000,0.00000,0.00000,0.00000
23857,1176,0.00000,0.00000,0.00000,0.00000,0.00000,0.00000
23877,1177,0.00000,0.00000,0.00000,0.00000,0.00000,0.00000
23897,1178,0.00000,0.00000,0.00000,0.00000,0.00000,0.00000
23917,1179,0.00000,0.00000,0.00000,0.00000,0.00000,0.00000
23937,1180,0.00000,0.00000,0.00000,0.00000,0.00000,0.00000
23957,1181,0.00000,0.00000,0.00000,0.00000,0.00000,0.00000
23977,1182,0.00000,0.00000,0.00000,0.00000,0.00000,0.00000
23997,1183,0.00000,0.00000,0.00000,0.00000,0.00000,0.00000
24017,1184,0.00000,0.00000,0.00000,0.00000,0.00000,0.00000
24037,1185,0.00000,0.00000,0.00000,0.00000,0.00000,0.00000
24057,1186,0.00000,0.00000,0.00000,0.00000,0.00000,0.00000
24077,1187,0.00000,0.00000,0.00000,0.00000,0.00000,0.00000
24097,1188,0.00000,0.00000,0.00000,0.00000,0.00000,0.00000
24117,1189,0.00000,0.00000,0.00000,0.00000,0.00000,0.00000
24137,1190,0.00000,0.00000,0.00000,0.00000,0.00000,0.00000
24157,1191,0.00000,0.00000,0.00000,0.00000,0.00000,0.00000
24177,1192,0.00000,0.00000,0.00000,0.00000,0.00000,0.00000
24197,1193,0.00000,0.00000,0.00000,0.00000,0.00000,0.00000
24217,1194,0.00000,0.00000,0.00000,0.00000,0.00000,0.00000
24237,1195,0.00000,0.00000,0.00000,0.00000,0.00000,0.00000
24257,1196,0.00000,0.00000,0.00000,0.00000,0.00000,0.00000
24277,1197,0.00000,0.00000,0.00000,0.00000,0.00000,0.00000
24297,1198,0.00000,0.00000,0.00000,0.00000,0.00000,0.00000
24317,1199,0.00000,0.00000,0.00000,0.00000,0.00000,0.00000
24337,1200,0.00000,0.00000,0.00000,0.00000,0.00000,0.00000
24357,1201,0.00000,0.00000,0.00000,0.00000,0.00000,0.00000
24377,1202,0.00000,0.00000,0.00000,0.00000,0.00000,0.00000
24397,1203,0.00000,0.00000,0.00000,0.00000,0.00000,0.00000
24417,1204,0.00000,0.00000,0.00000,0.00000,0.00000,0.00000
24437,1205,0.00000,0.00000,0.00000,0.00000,0.00000,0.00000
24457,1206,0.00000,0.00000,0.00000,0.00000,0.00000,0.00000
24477,1207,0.00000,0.00000,0.00000,0.00000,0.00000,0.00000
24497,1208,0.00000,0.00000,0.00000,0.00000,0.00000,0.00000
24517,1209,0.00000,0.00000,0.00000,0.00000,0.00000,0.00000
24537,1210,0.00000,0.00000,0.00000,0.00000,0.00000,0.00000
24557,1211,0.00000,0.00000,0.00000,0.00000,0.00000,0.00000
24577,1212,0.00000,0.00000,0.00000,0.00000,0.00000,0.00000
24597,1213,0.00000,0.00000,0.00000,0.00000,0.00000,0.00000
24617,1214,0.00000,0.00000,0.00000,0.00000,0.00000,0.00000
24637,1215,0.00000,0.00000,0.00000,0.00000,0.00000,0.00000
24657,1216,0.00000,0.00000,0.00000,0.00000,0.00000,0.00000
24677,1217,0.00000,0.00000,0.00000,0.00000,0.00000,0.00000
24697,1218,0.00000,0.00000,0.00000,0.00000,0.00000,0.00000
24717,1219,0.00000,0.00000,0.00000,0.00000,0.00000,0.00000
24737,1220,0.00000,0.00000,0.00000,0.00000,0.00000,0.00000
24757,1221,0.00000,0.00000,0.00000,0.00000,0.00000,0.00000
24777,1222,0.00000,0.00000,0.00000,0.00000,0.00000,0.00000
24797,1223,0.00000,0.00000,0.00000,0.00000,0.00000,0.00000
24817,1224,0.00000,0.00000,0.00000,0.00000,0.00000,0.00000
24837,1225,0.00000,0.00000,0.00000,0.00000,0.00000,0.00000
24857,1226,0.00000,0.00000,0.00000,0.00000,0.00000,0.00000
24877,1227,0.00000,0.00000,0.00000,0.00000,0.00000,0.00000
24897,1228,0.00000,0.00000,0.00000,0.00000,0.00000,0.00000
24917,1229,0.00000,0.00000,0.00000,0.00000,0.00000,0.00000
24937,1230,0.00000,0.00000,0.00000,0.00000,0.00000,0.00000
24957,1231,0.00000,0.00000,0.00000,0.00000,0.00000,0.00000
24977,1232,0.00000,0.00000,0.00000,0.00000,0.00000,0.00000
24997,1233,0.00000,0.00000,0.00000,0.00000,0.00000,0.00000
25017,1234,0.00000,0.00000,0.00000,0.00000,0.00000,0.00000
25037,1235,0.00000,0.00000,0.00000,0.00000,0.00000,0.00000
25057,1236,0.00000,0.00000,0.00000,0.00000,0.00000,0.00000
25077,1237,0.00000,0.00000,0.00000,0.00000,0.00000,0.00000
25097,1238,0.00000,0.00000,0.00000,0.00000,0.00000,0.00000
25117,1239,0.00000,0.00000,0.00000,0.00000,0.00000,0.00000
25137,1240,0.00000,0.00000,0.00000,0.00000,0.00000,0.00000
25157,1241,0.00000,0.00000,0.00000,0.00000,0.00000,0.00000
25177,1242,0.00000,0.00000,0.00000,0.00000,0.00000,0.00000
25197,1243,0.00000,0.00000,0.00000,0.00000,0.00000,0.00000
25217,1244,0.00000,0.00000,0.00000,0.00000,0.00000,0.00000
25237,1245,0.00000,0.00000,0.00000,0.00000,0.00000,0.00000
25257,1246,0.00000,0.00000,0.00000,0.00000,0.00000,0.00000
25277,1247,0.00000,0.00000,0.00000,0.00000,0.00000,0.00000
25297,1248,0.00000,0.00000,0.00000,0.00000,0.00000,0.00000
25317,1249,0.00000,0.00000,0.00000,0.00000,0.00000,0.00000
25337,1250,0.00000,0.00000,0.00000,0.00000,0.00000,0.00000
25357,1251,0.00000,0.00000,0.00000,0.00000,0.00000,0.00000
25377,1252,0.00000,0.00000,0.00000,0.00000,0.00000,0.00000
25397,1253,0.00000,0.00000,0.00000,0.00000,0.00000,0.00000
25417,1254,0.00000,0.00000,0.00000,0.00000,0.00000,0.00000
25437,1255,0.00000,0.00000,0.00000,0.00000,0.00000,0.00000
25457,1256,0.00000,0.00000,0.00000,0.00000,0.00000,0.00000
25477,1257,0.00000,0.00000,0.00000,0.00000,0.00000,0.00000
25497,1258,0.00000,0.00000,0.00000,0.00000,0.00000,0.00000
25517,1259,0.00000,0.00000,0.00000,0.00000,0.00000,0.00000
25537,1260,0.00000,0.00000,0.00000,0.00000,0.00000,0.00000
25557,1261,0.00000,0.00000,0.00000,0.00000,0.00000,0.00000
25577,1262,0.00000,0.00000,0.00000,0.00000,0.00000,0.00000
25597,1263,0.00000,0.00000,0.00000,0.00000,0.00000,0.00000
25617,1264,0.00000,0.00000,0.00000,0.00000,0.00000,0.00000
25637,1265,0.00000,0.00000,0.00000,0.00000,0.00000,0.00000
25657,1266,0.00000,0.00000,0.00000,0.00000,0.00000,0.00000
25677,1267,0.00000,0.00000,0.00000,0.00000,0.00000,0.00000
25697,1268,0.00000,0.00000,0.00000,0.00000,0.00000,0.00000
25717,1269,0.00000,0.00000,0.00000,0.00000,0.00000,0.00000
25737,1270,0.00000,0.00000,0.00000,0.00000,0.00000,0.00000
25757,1271,0.00000,0.00000,0.00000,0.00000,0.00000,0.00000
25777,1272,0.00000,0.00000,0.00000,0.00000,0.00000,0.00000
25797,1273,0.00000,0.00000,0.00000,0.00000,0.00000,0.00000
25817,1274,0.00000,0.00000,0.00000,0.00000,0.00000,0.00000
25837,1275,0.00000,0.00000,0.00000,0.00000,0.00000,0.00000
25857,1276,0.00000,0.00000,0.00000,0.00000,0.00000,0.00000
25877,1277,0.00000,0.00000,0.00000,0.00000,0.00000,0.00000
25897,1278,0.00000,0.00000,0.00000,0.00000,0.00000,0.00000
25917,1279,0.00000,0.00000,0.00000,0.00000,0.00000,0.00000
25937,1280,0.00000,0.00000,0.00000,0.00000,0.00000,0.00000
25957,1281,0.00000,0.00000,0.00000,0.00000,0.00000,0.00000
25977,1282,0.00000,0.00000,0.00000,0.00000,0.00000,0.00000
25997,1283,0.00000,0.00000,0.00000,0.00000,0.00000,0.00000
26017,1284,0.00000,0.00000,0.00000,0.00000,0.00000,0.00000
26037,1285,0.00000,0.00000,0.00000,0.00000,0.00000,0.00000
26057,1286,0.00000,0.00000,0.00000,0.00000,0.00000,0.00000
26077,1287,0.00000,0.00000,0.00000,0.00000,0.00000,0.00000
26097,1288,0.00000,0.00000,0.00000,0.00000,0.00000,0.00000
26117,1289,0.00000,0.00000,0.00000,0.00000,0.00000,0.00000
26137,1290,0.00000,0.00000,0.00000,0.00000,0.00000,0.00000
26157,1291,0.00000,0.00000,0.00000,0.00000,0.00000,0.00000
26177,1292,0.00000,0.00000,0.00000,0.00000,0.00000,0.00000
26197,1293,0.00000,0.00000,0.00000,0.00000,0.00000,0.00000
26217,1294,0.00000,0.00000,0.00000,0.00000,0.00000,0.00000
26237,1295,0.00000,0.00000,0.00000,0.00000,0.00000,0.00000
26257,1296,0.00000,0.00000,0.00000,0.00000,0.00000,0.00000
26277,1297,0.00000,0.00000,0.00000,0.00000,0.00000,0.00000
26297,1298,0.00000,0.00000,0.00000,0.00000,0.00000,0.00000
26317,1299,0.00000,0.00000,0.00000,0.00000,0.00000,0.00000
26337,1300,0.00000,0.00000,0.00000,0.00000,0.00000,0.00000
26357,1301,0.00000,0.00000,0.00000,0.00000,0.00000,0.00000
26377,1302,0.00000,0.00000,0.00000,0.00000,0.00000,0.00000
26397,1303,0.00000,0.00000,0.00000,0.00000,0.00000,0.00000
26417,1304,0.00000,0.00000,0.00000,0.00000,0.00000,0.00000
26437,1305,0.00000,0.00000,0.00000,0.00000,0.00000,0.00000
26457,1306,0.00000,0.00000,0.00000,0.00000,0.00000,0.00000
26477,1307,0.00000,0.00000,0.00000,0.00000,0.00000,0.00000
26497,1308,0.00000,0.00000,0.00000,0.00000,0.00000,0.00000
26517,1309,0.00000,0.00000,0.00000,0.00000,0.00000,0.00000
26537,1310,0.00000,0.00000,0.00000,0.00000,0.00000,0.00000
26557,1311,0.00000,0.00000,0.00000,0.00000,0.00000,0.00000
26577,1312,0.00000,0.00000,0.00000,0.00000,0.00000,0.00000
26597,1313,0.00000,0.00000,0.00000,0.00000,0.00000,0.00000
26617,1314,0.00000,0.00000,0.00000,0.00000,0.00000,0.00000
26637,1315,0.00000,0.00000,0.00000,0.00000,0.00000,0.00000
26657,1316,0.00000,0.00000,0.00000,0.00000,0.00000,0.00000
26677,1317,0.00000,0.00000,0.00000,0.00000,0.00000,0.00000
26697,1318,0.00000,0.00000,0.00000,0.00000,0.00000,0.00000
26717,1319,0.00000,0.00000,0.00000,0.00000,0.00000,0.00000
26737,1320,0.00000,0.00000,0.00000,0.00000,0.00000,0.00000
26757,1321,0.00000,0.00000,0.00000,0.00000,0.00000,0.00000
26777,1322,0.00000,0.00000,0.00000,0.00000,0.00000,0.00000
26797,1323,0.00000,0.00000,0.00000,0.00000,0.00000,0.00000
26817,1324,0.00000,0.00000,0.00000,0.00000,0.00000,0.00000
26837,1325,0.00000,0.00000,0.00000,0.00000,0.00000,0.00000
26857,1326,0.00000,0.00000,0.00000,0.00000,0.00000,0.00000
26877,1327,0.00000,0.00000,0.00000,0.00000,0.00000,0.00000
26897,1328,0.00000,0.00000,0.00000,0.00000,0.00000,0.00000
26917,1329,0.00000,0.00000,0.00000,0.00000,0.00000,0.00000
26937,1330,0.00000,0.00000,0.00000,0.00000,0.00000,0.00000
26957,1331,0.00000,0.00000,0.00000,0.00000,0.00000,0.00000
26977,1332,0.00000,0.00000,0.00000,0.00000,0.00000,0.00000
26997,1333,0.00000,0.00000,0.00000,0.00000,0.00000,0.00000
27017,1334,0.00000,0.00000,0.00000,0.00000,0.00000,0.00000
27037,1335,0.00000,0.00000,0.00000,0.00000,0.00000,0.00000
27057,1336,0.00000,0.00000,0.00000,0.00000,0.00000,0.00000
27077,1337,0.00000,0.00000,0.00000,0.00000,0.00000,0.00000
27097,1338,0.00000,0.00000,0.00000,0.00000,0.00000,0.00000
27117,1339,0.00000,0.00000,0.00000,0.00000,0.00000,0.00000
27137,1340,0.00000,0.00000,0.00000,0.00000,0.00000,0.00000
27157,1341,0.00000,0.00000,0.00000,0.00000,0.00000,0.00000
27177,1342,0.00000,0.00000,0.00000,0.00000,0.00000,0.00000
27197,1343,0.00000,0.00000,0.00000,0.00000,0.00000,0.00000
27217,1344,0.00000,0.00000,0.00000,0.00000,0.00000,0.00000
27237,1345,0.00000,0.00000,0.00000,0.00000,0.00000,0.00000
27257,1346,0.00000,0.00000,0.00000,0.00000,0.00000,0.00000
27277,1347,0.00000,0.00000,0.00000,0.00000,0.00000,0.00000
27297,1348,0.00000,0.00000,0.00000,0.00000,0.00000,0.00000
27317,1349,0.00000,0.00000,0.00000,0.00000,0.00000,0.00000
27337,1350,0.00000,0.00000,0.00000,0.00000,0.00000,0.00000
27357,1351,0.00000,0.00000,0.00000,0.00000,0.00000,0.00000
27377,1352,0.00000,0.00000,0.00000,0.00000,0.00000,0.00000
27397,1353,0.00000,0.00000,0.00000,0.00000,0.00000,0.00000
27417,1354,0.00000,0.00000,0.00000,0.00000,0.00000,0.00000
27437,1355,0.00000,0.00000,0.00000,0.00000,0.00000,0.00000
27457,1356,0.00000,0.00000,0.00000,0.00000,0.00000,0.00000
27477,1357,0.00000,0.00000,0.00000,0.00000,0.00000,0.00000
27497,1358,0.00000,0.00000,0.00000,0.00000,0.00000,0.00000
27517,1359,0.00000,0.00000,0.00000,0.00000,0.00000,0.00000
27537,1360,0.00000,0.00000,0.00000,0.00000,0.00000,0.00000
27557,1361,0.00000,0.00000,0.00000,0.00000,0.00000,0.00000
27577,1362,0.00000,0.00000,0.00000,0.00000,0.00000,0.00000
27597,1363,0.00000,0.00000,0.00000,0.00000,0.00000,0.00000
27617,1364,0.00000,0.00000,0.00000,0.00000,0.00000,0.00000
27637,1365,0.00000,0.00000,0.00000,0.00000,0.00000,0.00000
27657,1366,0.00000,0.00000,0.00000,0.00000,0.00000,0.00000
27677,1367,0.00000,0.00000,0.00000,0.00000,0.00000,0.00000
27697,1368,0.00000,0.00000,0.00000,0.00000,0.00000,0.00000
27717,1369,0.00000,0.00000,0.00000,0.00000,0.00000,0.00000
27737,1370,0.00000,0.00000,0.00000,0.00000,0.00000,0.00000
27757,1371,0.00000,0.00000,0.00000,0.00000,0.00000,0.00000
27777,1372,0.00000,0.00000,0.00000,0.00000,0.00000,0.00000
27797,1373,0.00000,0.00000,0.00000,0.00000,0.00000,0.00000
27817,1374,0.00000,0.00000,0.00000,0.00000,0.00000,0.00000
27837,1375,0.00000,0.00000,0.00000,0.00000,0.00000,0.00000
27857,1376,0.00000,0.00000,0.00000,0.00000,0.00000,0.00000
27877,1377,0.00000,0.00000,0.00000,0.00000,0.00000,0.00000
27897,1378,0.00000,0.00000,0.00000,0.00000,0.00000,0.00000
27917,1379,0.00000,0.00000,0.00000,0.00000,0.00000,0.00000
27937,1380,0.00000,0.00000,0.00000,0.00000,0.00000,0.00000
27957,1381,0.00000,0.00000,0.00000,0.00000,0.00000,0.00000
27977,1382,0.00000,0.00000,0.00000,0.00000,0.00000,0.00000
27997,1383,0.00000,0.00000,0.00000,0.00000,0.00000,0.00000
28017,1384,0.00000,0.00000,0.00000,0.00000,0.00000,0.00000
28037,1385,0.00000,0.00000,0.00000,0.00000,0.00000,0.00000
28057,1386,0.00000,0.00000,0.00000,0.00000,0.00000,0.00000
28077,1387,0.00000,0.00000,0.00000,0.00000,0.00000,0.00000
28097,1388,0.00000,0.00000,0.00000,0.00000,0.00000,0.00000
28117,1389,0.00000,0.00000,0.00000,0.00000,0.00000,0.00000
28137,1390,0.00000,0.00000,0.00000,0.00000,0.00000,0.00000
28157,1391,0.00000,0.00000,0.00000,0.00000,0.00000,0.00000
28177,1392,0.00000,0.00000,0.00000,0.00000,0.00000,0.00000
28197,1393,0.00000,0.00000,0.00000,0.00000,0.00000,0.00000
28217,1394,0.00000,0.00000,0.00000,0.00000,0.00000,0.00000
28237,1395,0.00000,0.00000,0.00000,0.00000,0.00000,0.00000
28257,1396,0.00000,0.00000,0.00000,0.00000,0.00000,0.00000
28277,1397,0.00000,0.00000,0.00000,0.00000,0.00000,0.00000
28297,1398,0.00000,0.00000,0.00000,0.00000,0.00000,0.00000
28317,1399,0.00000,0.00000,0.00000,0.00000,0.00000,0.00000
28337,1400,0.00000,0.00000,0.00000,0.00000,0.00000,0.00000
28357,1401,0.00000,0.00000,0.00000,0.00000,0.00000,0.00000
28377,1402,0.00000,0.00000,0.00000,0.00000,0.00000,0.00000
28397,1403,0.00000,0.00000,0.00000,0.00000,0.00000,0.00000
28417,1404,0.00000,0.00000,0.00000,0.00000,0.00000,0.00000
28437,1405,0.00000,0.00000,0.00000,0.00000,0.00000,0.00000
28457,1406,0.00000,0.00000,0.00000,0.00000,0.00000,0.00000
28477,1407,0.00000,0.00000,0.00000,0.00000,0.00000,0.00000
28497,1408,0.00000,0.00000,0.00000,0.00000,0.00000,0.00000
28517,1409,0.00000,0.00000,0.00000,0.00000,0.00000,0.00000
28537,1410,0.00000,0.00000,0.00000,0.00000,0.00000,0.00000
28557,1411,0.00000,0.00000,0.00000,0.00000,0.00000,0.00000
28577,1412,0.00000,0.00000,0.00000,0.00000,0.00000,0.00000
28597,1413,0.00000,0.00000,0.00000,0.00000,0.00000,0.00000
28617,1414,0.00000,0.00000,0.00000,0.00000,0.00000,0.00000
28637,1415,0.00000,0.00000,0.00000,0.00000,0.00000,0.00000
28657,1416,0.00000,0.00000,0.00000,0.00000,0.00000,0.00000
28677,1417,0.00000,0.00000,0.00000,0.00000,0.00000,0.00000
28697,1418,0.00000,0.00000,0.00000,0.00000,0.00000,0.00000
28717,1419,0.00000,0.00000,0.00000,0.00000,0.00000,0.00000
28737,1420,0.00000,0.00000,0.00000,0.00000,0.00000,0.00000
28757,1421,0.00000,0.00000,0.00000,0.00000,0.00000,0.00000
28777,1422,0.00000,0.00000,0.00000,0.00000,0.00000,0.00000
28797,1423,0.00000,0.00000,0.00000,0.00000,0.00000,0.00000
28817,1424,0.00000,0.00000,0.00000,0.00000,0.00000,0.00000
28837,1425,0.00000,0.00000,0.00000,0.00000,0.00000,0.00000
28857,1426,0.00000,0.00000,0.00000,0.00000,0.00000,0.00000
28877,1427,0.00000,0.00000,0.00000,0.00000,0.00000,0.00000
28897,1428,0.00000,0.00000,0.00000,0.00000,0.00000,0.00000
28917,1429,0.00000,0.00000,0.00000,0.00000,0.00000,0.00000
28937,1430,0.00000,0.00000,0.00000,0.00000,0.00000,0.00000
28957,1431,0.00000,0.00000,0.00000,0.00000,0.00000,0.00000
28977,1432,0.00000,0.00000,0.00000,0.00000,0.00000,0.00000
28997,1433,0.00000,0.00000,0.00000,0.00000,0.00000,0.00000
29017,1434,0.00000,0.00000,0.00000,0.00000,0.00000,0.00000
29037,1435,0.00000,0.00000,0.00000,0.00000,0.00000,0.00000
29057,1436,0.00000,0.00000,0.00000,0.00000,0.00000,0.00000
29077,1437,0.00000,0.00000,0.00000,0.00000,0.00000,0.00000
29097,1438,0.00000,0.00000,0.00000,0.00000,0.00000,0.00000
29117,1439,0.00000,0.00000,0.00000,0.00000,0.00000,0.00000
29137,1440,0.00000,0.00000,0.00000,0.00000,0.00000,0.00000
29157,1441,0.00000,0.00000,0.00000,0.00000,0.00000,0.00000
29177,1442,0.00000,0.00000,0.00000,0.00000,0.00000,0.00000
29197,1443,0.00000,0.00000,0.00000,0.00000,0.00000,0.00000
29217,1444,0.00000,0.00000,0.00000,0.00000,0.00000,0.00000
29237,1445,0.00000,0.00000,0.00000,0.00000,0.00000,0.00000
29257,1446,0.00000,0.00000,0.00000,0.00000,0.00000,0.00000
29277,1447,0.00000,0.00000,0.00000,0.00000,0.00000,0.00000
29297,1448,0.00000,0.00000,0.00000,0.00000,0.00000,0.00000
29317,1449,0.00000,0.00000,0.00000,0.00000,0.00000,0.00000
29337,1450,0.00000,0.00000,0.00000,0.00000,0.00000,0.00000
29357,1451,0.00000,0.00000,0.00000,0.00000,0.00000,0.00000
29377,1452,0.00000,0.00000,0.00000,0.00000,0.00000,0.00000
29397,1453,0.00000,0.00000,0.00000,0.00000,0.00000,0.00000
29417,1454,0.00000,0.00000,0.00000,0.00000,0.00000,0.00000
29437,1455,0.00000,0.00000,0.00000,0.00000,0.00000,0.00000
29457,1456,0.00000,0.00000,0.00000,0.00000,0.00000,0.00000
29477,1457,0.00000,0.00000,0.00000,0.00000,0.00000,0.00000
29497,1458,0.00000,0.00000,0.00000,0.00000,0.00000,0.00000
29517,1459,0.00000,0.00000,0.00000,0.00000,0.00000,0.00000
29537,1460,0.00000,0.00000,0.00000,0.00000,0.00000,0.00000
29557,1461,0.00000,0.00000,0.00000,0.00000,0.00000,0.00000
29577,1462,0.00000,0.00000,0.00000,0.00000,0.00000,0.00000
29597,1463,0.00000,0.00000,0.00000,0.00000,0.00000,0.00000
29617,1464,0.00000,0.00000,0.00000,0.00000,0.00000,0.00000
29637,1465,0.00000,0.00000,0.00000,0.00000,0.00000,0.00000
29657,1466,0.00000,0.00000,0.00000,0.00000,0.00000,0.00000
29677,1467,0.00000,0.00000,0.00000,0.00000,0.00000,0.00000
29697,1468,0.00000,0.00000,0.00000,0.00000,0.00000,0.00000
29717,1469,0.00000,0.00000,0.00000,0.00000,0.00000,0.00000
29737,1470,0.00000,0.00000,0.00000,0.00000,0.00000,0.00000
29757,1471,0.00000,0.00000,0.00000,0.00000,0.00000,0.00000
29777,1472,0.00000,0.00000,0.00000,0.00000,0.00000,0.00000
29797,1473,0.00000,0.00000,0.00000,0.00000,0.00000,0.00000
29817,1474,0.00000,0.00000,0.00000,0.00000,0.00000,0.00000
29837,1475,0.00000,0.00000,0.00000,0.00000,0.00000,0.00000
29857,1476,0.00000,0.00000,0.00000,0.00000,0.00000,0.00000
29877,1477,0.00000,0.00000,0.00000,0.00000,0.00000,0.00000
29897,1478,0.00000,0.00000,0.00000,0.00000,0.00000,0.00000
29917,1479,0.00000,0.00000,0.00000,0.00000,0.00000,0.00000
29937,1480,0.00000,0.00000,0.00000,0.00000,0.00000,0.00000
29957,1481,0.00000,0.00000,0.00000,0.00000,0.00000,0.00000
29977,1482,0.00000,0.00000,0.00000,0.00000,0.00000,0.00000
29997,1483,0.00000,0.00000,0.00000,0.00000,0.00000,0.00000
30017,1484,0.00000,0.00000,0.00000,0.00000,0.00000,0.00000
30037,1485,0.00000,0.00000,0.00000,0.00000,0.00000,0.00000
30057,1486,0.00000,0.00000,0.00000,0.00000,0.00000,0.00000
30077,1487,0.00000,0.00000,0.00000,0.00000,0.00000,0.00000
30097,1488,0.00000,0.00000,0.00000,0.00000,0.00000,0.00000
30117,1489,0.00000,0.00000,0.00000,0.00000,0.00000,0.00000
30137,1490,0.00000,0.00000,0.00000,0.00000,0.00000,0.00000
30157,1491,0.00000,0.00000,0.00000,0.00000,0.00000,0.00000
30177,1492,0.00000,0.00000,0.00000,0.00000,0.00000,0.00000
30197,1493,0.00000,0.00000,0.00000,0.00000,0.00000,0.00000
30217,1494,0.00000,0.00000,0.00000,0.00000,0.00000,0.00000
30237,1495,0.00000,0.00000,0.00000,0.00000,0.00000,0.00000
30257,1496,0.00000,0.00000,0.00000,0.00000,0.00000,0.00000
30277,1497,0.00000,0.00000,0.00000,0.00000,0.00000,0.00000
30297,1498,0.00000,0.00000,0.00000,0.00000,0.00000,0.00000
30317,1499,0.00000,0.00000,0.00000,0.00000,0.00000,0.00000
30337,1500,0.00000,0.00000,0.00000,0.00000,0.00000,0.00000
30357,1501,0.00000,0.00000,0.00000,0.00000,0.00000,0.00000
30377,1502,0.00000,0.00000,0.00000,0.00000,0.00000,0.00000
30397,1503,0.00000,0.00000,0.00000,0.00000,0.00000,0.00000
30417,1504,0.00000,0.00000,0.00000,0.00000,0.00000,0.00000
30437,1505,0.00000,0.00000,0.00000,0.00000,0.00000,0.00000
30457,1506,0.00000,0.00000,0.00000,0.00000,0.00000,0.00000
30477,1507,0.00000,0.00000,0.00000,0.00000,0.00000,0.00000
30497,1508,0.00000,0.00000,0.00000,0.00000,0.00000,0.00000
30517,1509,0.00000,0.00000,0.00000,0.00000,0.00000,0.00000
30537,1510,0.00000,0.00000,0.00000,0.00000,0.00000,0.00000
30557,1511,0.00000,0.00000,0.00000,0.00000,0.00000,0.00000
30577,1512,0.00000,0.00000,0.00000,0.00000,0.00000,0.00000
30597,1513,0.00000,0.00000,0.00000,0.00000,0.00000,0.00000
30617,1514,0.00000,0.00000,0.00000,0.00000,0.00000,0.00000
30637,1515,0.00000,0.00000,0.00000,0.00000,0.00000,0.00000
30657,1516,0.00000,0.00000,0.00000,0.00000,0.00000,0.00000
30677,1517,0.00000,0.00000,0.00000,0.00000,0.00000,0.00000
30697,1518,0.00000,0.00000,0.00000,0.00000,0.00000,0.00000
30717,1519,0.00000,0.00000,0.00000,0.00000,0.00000,0.00000
30737,1520,0.00000,0.00000,0.00000,0.00000,0.00000,0.00000
30757,1521,0.00000,0.00000,0.00000,0.00000,0.00000,0.00000
30777,1522,0.00000,0.00000,0.00000,0.00000,0.00000,0.00000
30797,1523,0.00000,0.00000,0.00000,0.00000,0.00000,0.00000
30817,1524,0.00000,0.00000,0.00000,0.00000,0.00000,0.00000
30837,1525,0.00000,0.00000,0.00000,0.00000,0.00000,0.00000
30857,1526,0.00000,0.00000,0.00000,0.00000,0.00000,0.00000
30877,1527,0.00000,0.00000,0.00000,0.00000,0.00000,0.00000
30897,1528,0.00000,0.00000,0.00000,0.00000,0.00000,0.00000
30917,1529,0.00000,0.00000,0.00000,0.00000,0.00000,0.00000
30937,1530,0.00000,0.00000,0.00000,0.00000,0.00000,0.00000
30957,1531,0.00000,0.00000,0.00000,0.00000,0.00000,0.00000
30977,1532,0.00000,0.00000,0.00000,0.00000,0.00000,0.00000
30997,1533,0.00000,0.00000,0.00000,0.00000,0.00000,0.00000
31017,1534,0.00000,0.00000,0.00000,0.00000,0.00000,0.00000
31037,1535,0.00000,0.00000,0.00000,0.00000,0.00000,0.00000
31057,1536,0.00000,0.00000,0.00000,0.00000,0.00000,0.00000
31077,1537,0.00000,0.00000,0.00000,0.00000,0.00000,0.00000
31097,1538,0.00000,0.00000,0.00000,0.00000,0.00000,0.00000
31117,1539,0.00000,0.00000,0.00000,0.00000,0.00000,0.00000
31137,1540,0.00000,0.00000,0.00000,0.00000,0.00000,0.00000
31157,1541,0.00000,0.00000,0.00000,0.00000,0.00000,0.00000
31177,1542,0.00000,0.00000,0.00000,0.00000,0.00000,0.00000
31197,1543,0.00000,0.00000,0.00000,0.00000,0.00000,0.00000
31217,1544,0.00000,0.00000,0.00000,0.00000,0.00000,0.00000
31237,1545,0.00000,0.00000,0.00000,0.00000,0.00000,0.00000
31257,1546,0.00000,0.00000,0.00000,0.00000,0.00000,0.00000
31277,1547,0.00000,0.00000,0.00000,0.00000,0.00000,0.00000
31297,1548,0.00000,0.00000,0.00000,0.00000,0.00000,0.00000
31317,1549,0.00000,0.00000,0.00000,0.00000,0.00000,0.00000
31337,1550,0.00000,0.00000,0.00000,0.00000,0.00000,0.00000
31357,1551,0.00000,0.00000,0.00000,0.00000,0.00000,0.00000
31377,1552,0.00000,0.00000,0.00000,0.00000,0.00000,0.00000
31397,1553,0.00000,0.00000,0.00000,0.00000,0.00000,0.00000
31417,1554,0.00000,0.00000,0.00000,0.00000,0.00000,0.00000
31437,1555,0.00000,0.00000,0.00000,0.00000,0.00000,0.00000
31457,1556,0.00000,0.00000,0.00000,0.00000,0.00000,0.00000
31477,1557,0.00000,0.00000,0.00000,0.00000,0.00000,0.00000
31497,1558,0.00000,0.00000,0.00000,0.00000,0.00000,0.00000
31517,1559,0.00000,0.00000,0.00000,0.00000,0.00000,0.00000
31537,1560,0.00000,0.00000,0.00000,0.00000,0.00000,0.00000
31557,1561,0.00000,0.00000,0.00000,0.00000,0.00000,0.00000
31577,1562,0.00000,0.00000,0.00000,0.00000,0.00000,0.00000
31597,1563,0.00000,0.00000,0.00000,0.00000,0.00000,0.00000
31617,1564,0.00000,0.00000,0.00000,0.00000,0.00000,0.00000
31637,1565,0.00000,0.00000,0.00000,0.00000,0.00000,0.00000
31657,1566,0.00000,0.00000,0.00000,0.00000,0.00000,0.00000
31677,1567,0.00000,0.00000,0.00000,0.00000,0.00000,0.00000
31697,1568,0.00000,0.00000,0.00000,0.00000,0.00000,0.00000
31717,1569,0.00000,0.00000,0.00000,0.00000,0.00000,0.00000
31737,1570,0.00000,0.00000,0.00000,0.00000,0.00000,0.00000
31757,1571,0.00000,0.00000,0.00000,0.00000,0.00000,0.00000
31777,1572,0.00000,0.00000,0.00000,0.00000,0.00000,0.00000
31797,1573,0.00000,0.00000,0.00000,0.00000,0.00000,0.00000
31817,1574,0.00000,0.00000,0.00000,0.00000,0.00000,0.00000
31837,1575,0.00000,0.00000,0.00000,0.00000,0.00000,0.00000
31857,1576,0.00000,0.00000,0.00000,0.00000,0.00000,0.00000
